,TO_Lead_ID,TO_Phone,TO_length_in_sec,Calls Count,Connection Made Calls,Dial Attempt Calls,lead_id,technical_quality_score,customer_talk_percentage,agent_talk_percentage,total_discovery_questions,goal1_questions,goal2_questions,goal3_questions,total_buying_signals,total_resistance_signals,time_to_reason_seconds,total_objections,objections_acknowledged,objections_rebutted,acknowledgement_rate,price_mentions_final_2min,timeline_mentions_final_2min,contract_mentions_final_2min,price_timeline_contract_before_dropoff,average_monologue_length,longest_monologue_length,extended_monologues_count,short_monologues,medium_monologues,long_monologues,very_long_monologues,total_interruptions,interruption_rate,name_usage_count,rapport_elements_count,empathy_responses,empathy_response_rate,total_call_duration,time_in_final_stage,LQ_User_encoded,LQ_Customer_Name_encoded,LQ_Company_Name_encoded,LQ_Company_Address_encoded,LQ_Service_encoded
TO_Lead_ID,1.0,-0.07819548872180451,0.1293233082706767,0.2546130699607557,-0.10356884989778373,0.3077187492404147,1.0,0.1043441571377608,-0.23991085069390128,0.5531287684413388,-0.25629043855617245,-0.2568294821230591,-0.16888947622336692,0.26013299085723596,0.18257352139132968,-0.007886077287953323,0.18213900713927195,-0.06984034148488917,-0.12483326794143798,-0.29788065047696255,-0.11736791530286529,-0.42718135564130577,-0.13132940325459064,,-0.31167654665829786,0.10165674179035354,0.07329098482094357,0.1339345481167001,0.11023122595717574,0.019266256385059504,0.18491717956095094,0.15239234961229628,0.16252821977348156,0.1499734234279741,0.18072709303119103,0.4409901432237477,-0.014513557105932978,-0.021791543979232237,0.13383458646616542,0.16691729323308271,-0.29327763482393526,0.3689763220538758,0.4555061822710996,-0.0015060258043015338,0.09330326192837646
TO_Phone,-0.07819548872180451,1.0,0.07518796992481203,0.028290341106750636,-0.1510379061009346,0.17117473832344612,-0.07819548872180451,-0.03893438699170179,0.20369789209859543,-0.3217792699243211,-0.3399460713193148,-0.33009915420020813,-0.29834283109508475,-0.5202659817144719,-0.47264360210652634,-0.48262793002274335,0.2789278515127981,-0.4928060050843865,-0.33883315584104595,-0.4043854640553179,-0.29739836165726036,-0.1659657293876695,0.08947717584378702,,-0.07816649900319216,-0.04442776122689525,-0.2740777453199869,-0.24554667154728355,-0.49377549161639,-0.4754912075832685,-0.19497543618978927,-0.2733386588284044,-0.3121402896311897,-0.2781765111970487,-0.27528472820362854,-0.4409901432237477,-0.22737906132628333,-0.21670479846014282,-0.3022556390977444,-0.058646616541353384,0.1894084724904582,0.007530129021507669,-0.272339675114467,-0.1521086062344549,-0.20015054574958174
TO_length_in_sec,0.1293233082706767,0.07518796992481203,1.0,-0.1547648072310476,0.13269758893153538,-0.2839719647331158,0.1293233082706767,-0.07241795980456532,0.2844226123006314,-0.06857590998387171,0.017491632305020672,0.013111415003279295,-0.11573644309723115,0.0,-0.22693718079483036,0.15456711484388513,0.3466800425742664,0.22286131440121937,-0.23975913366530152,-0.09485584959322271,-0.25860727100631337,-0.21503385807619785,-0.12988622299904568,,-0.07222980287636743,-0.0956326385731474,0.04886065654729571,0.003848693911399429,0.24009267023549238,0.10557908499012608,-0.04255416266046988,-0.07498671171398705,-0.0635044037525524,-0.043540671317798936,-0.1098088666518629,0.010647649333370167,-0.17900053763984006,-0.17675363449821704,0.11278195488721804,0.3398496240601504,0.17871605872083554,-0.3207834963162267,0.39284395613856743,-0.025602438673126077,0.05718587021416621
Calls Count,0.2546130699607557,0.028290341106750636,-0.1547648072310476,1.0,0.44413169602355196,0.7248739068181156,0.2546130699607557,0.21198706006247964,0.19202665401685812,-0.07171987865009902,-0.04881366370176729,0.003414063084916742,-0.1252336970658054,-0.2878765849748735,0.27946449343074514,0.263559624363236,-0.4696446794558439,0.24836665514447154,0.15568940071369064,0.049723756906077346,0.24436064662279847,0.22359367911793848,0.34497310492481936,,0.457699838444067,-0.21333066671666562,-0.22811508013594758,-0.304956084586627,0.1353560599647608,0.15180575525903642,-0.29454300293794106,0.15258378338091888,0.004764559231188225,0.1418761494594509,-0.03881893860185529,-0.025530348876546115,0.18470668514532285,0.1956046886385473,0.12481032841213516,0.05824481992566307,-0.06592546950078887,0.534993312625388,0.2133700045150149,-0.04166614584309875,0.01165773249520758
Connection Made Calls,-0.10356884989778373,-0.1510379061009346,0.13269758893153538,0.44413169602355196,1.0,-0.28394428151515916,-0.10356884989778373,-0.09999906371278451,0.0790233055543475,0.0075689875079105,0.16422851458011414,0.18757713857842814,-0.11317063468021343,-0.16589086726447982,0.31032126996564474,0.1674681820897185,-0.18691783867576728,0.20098522366557756,-0.022745177944801437,0.11461463123188438,0.05922772368075152,0.24745603238440456,0.24745603238440456,,0.6062210410348648,-0.16315069428524617,-0.10351914929270738,-0.12756599304398017,0.2404995774559747,0.13877480123748218,-0.1937244125432402,0.08850592749251697,0.046332170656399094,0.12147872400933701,-0.013677114779421361,0.04901655499762752,0.08850592749251697,0.10509460763173473,0.08307084835551402,0.004315368745740988,-0.15177738140366506,0.023770299829638516,0.31872484160300174,-0.04970153600742599,0.2526390972994435
Dial Attempt Calls,0.3077187492404147,0.17117473832344612,-0.2839719647331158,0.7248739068181156,-0.28394428151515916,1.0,0.3077187492404147,0.3289376457603889,0.16877841439826607,-0.113052520345614,-0.11459171006676548,-0.07307660277693348,-0.01974329441415196,-0.19018144357818267,0.10216699540450364,0.15255399117468235,-0.3461481303480506,0.11256102934068846,0.16949166947855687,0.006569854140345459,0.1950288510483207,0.11679947879987496,0.18896826244857817,,0.09505208333333333,-0.08373448178344739,-0.1481892005627829,-0.20866797394837694,-0.034774831680002484,0.06794810353177662,-0.15374518293767542,0.09549685756844291,-0.030453379986361676,0.062072957419487894,0.029603437500714785,-0.08523943537943302,0.12892075771739794,0.12904635030219097,0.10982887834625733,0.10290273286496182,0.09698850043738873,0.5232166435699435,-0.055502907069207165,-0.013873168579506077,-0.19704863414745485
lead_id,1.0,-0.07819548872180451,0.1293233082706767,0.2546130699607557,-0.10356884989778373,0.3077187492404147,1.0,0.1043441571377608,-0.23991085069390128,0.5531287684413388,-0.25629043855617245,-0.2568294821230591,-0.16888947622336692,0.26013299085723596,0.18257352139132968,-0.007886077287953323,0.18213900713927195,-0.06984034148488917,-0.12483326794143798,-0.29788065047696255,-0.11736791530286529,-0.42718135564130577,-0.13132940325459064,,-0.31167654665829786,0.10165674179035354,0.07329098482094357,0.1339345481167001,0.11023122595717574,0.019266256385059504,0.18491717956095094,0.15239234961229628,0.16252821977348156,0.1499734234279741,0.18072709303119103,0.4409901432237477,-0.014513557105932978,-0.021791543979232237,0.13383458646616542,0.16691729323308271,-0.29327763482393526,0.3689763220538758,0.4555061822710996,-0.0015060258043015338,0.09330326192837646
technical_quality_score,0.1043441571377608,-0.03893438699170179,-0.07241795980456532,0.21198706006247964,-0.09999906371278451,0.3289376457603889,0.1043441571377608,1.0,-0.05391217329365147,0.28018160155672556,-0.09372694091932315,-0.03394724623214099,-0.17269149380409446,0.014967108502231243,-0.027390546061602333,-0.16579523509514862,0.04486079229828474,-0.10849571623191064,0.07387666280475536,-0.08789707368444277,0.1256730606231252,0.07622645670157975,0.15992609543272615,,-0.008197822947299411,0.24526639354953902,0.13401826918043128,-0.13392684194501625,-0.12784522641610868,-0.13089291892550262,-0.08293439626989357,-0.32316722117655633,-0.4943794763675088,-0.3369456685910607,0.14768333855040253,0.25684391661166944,-0.23298101991798248,-0.23007347043586496,-0.0739753352842334,0.08643433912157797,0.45164666424879113,0.2932278663740117,-0.008320054952480426,0.38369178259578124,-0.2965137115231929
customer_talk_percentage,-0.23991085069390128,0.20369789209859543,0.2844226123006314,0.19202665401685812,0.0790233055543475,0.16877841439826607,-0.23991085069390128,-0.05391217329365147,1.0,-0.6979210538335343,0.2682268469296974,0.298331723162335,0.113979475096476,-0.2610176323366166,-0.09758954244082124,0.31968098586732013,0.059550071960350434,0.3496018557923622,0.1013991648707948,0.2321017818116807,0.10678876715492946,0.2693443900746518,0.48945378411415214,,0.3911687957230402,0.3184743120291787,0.1593371595973682,0.11817053750990979,0.06439395787246531,0.2915231772195527,0.034159102225673386,0.06553311193017358,-0.060480346384031713,0.03155297981823173,0.17139468377317305,0.11129019885287997,0.3567913871753895,0.3692865516991107,0.2964935984990667,0.4398365596054857,0.09847483463399463,0.08915769589428964,0.014106643048862269,0.0015111473880388075,0.05398282343365723
agent_talk_percentage,0.5531287684413388,-0.3217792699243211,-0.06857590998387171,-0.07171987865009902,0.0075689875079105,-0.113052520345614,0.5531287684413388,0.28018160155672556,-0.6979210538335343,1.0,-0.10023285114202576,-0.12522685827376612,-0.0369476351299948,0.3186599164150409,0.15904454971898146,-0.15570733914295856,0.3030841709862893,-0.18561376430046,-0.07149474459848228,-0.1551150863827723,-0.08025000934975665,-0.32111114632712484,-0.4310410883129874,,-0.35899133653607257,0.002641510186261463,0.15571324878058498,0.12768009422686422,0.1736665990739365,-0.05792958509578303,0.2310880308193263,0.007273202818154843,0.14671434106144213,0.04121481596954411,0.040507236408300035,0.2619024859852643,-0.2836549099080389,-0.2960650558468014,-0.039186234276498116,-0.12961600568380147,-0.001530944843883857,0.06188681007812571,0.3099943470596713,0.25056610909680166,-0.1972098774140005
total_discovery_questions,-0.25629043855617245,-0.3399460713193148,0.017491632305020672,-0.04881366370176729,0.16422851458011414,-0.11459171006676548,-0.25629043855617245,-0.09372694091932315,0.2682268469296974,-0.10023285114202576,1.0,0.9759152321841064,0.658594781521298,0.4677642769637489,0.5988769990486984,0.43073378088802283,0.10730612444292817,0.3734479842808058,0.30864884457727576,0.6379440876886139,0.20573815460217706,0.35836552150866774,0.2240696845278228,,0.5584469363952415,0.1858430772971604,0.5196949933433475,0.6026129682684968,0.7529789597431178,0.5199209349390739,0.561116009301258,0.46976211445623167,0.5252950315913252,0.4832188416932591,0.4843827908625209,0.12475025393088214,0.37434168495730963,0.36797144448396474,0.7490981661063201,0.6099256134185469,0.1552737074033385,-0.1370973521044626,-0.025189935472825727,0.28333452768255607,0.13813569455869865
goal1_questions,-0.2568294821230591,-0.33009915420020813,0.013111415003279295,0.003414063084916742,0.18757713857842814,-0.07307660277693348,-0.2568294821230591,-0.03394724623214099,0.298331723162335,-0.12522685827376612,0.9759152321841064,1.0,0.5074163527485963,0.42990570712457876,0.5421476916494452,0.46392388735161777,0.1152341160770534,0.43346530185921694,0.26219945471645706,0.6401368284218891,0.15508266476751167,0.380457355971037,0.2908944375420575,,0.5627913366640224,0.1853813082591086,0.46321899164052577,0.5404669037232616,0.7489115686981769,0.5177867230504473,0.4984152099595149,0.40816973688437497,0.49021555165290936,0.41685419937127655,0.5068765579969587,0.20843001490045926,0.38831953691431415,0.3831095242457362,0.7442656163626188,0.6362892575120834,0.11829787724262994,-0.08264916659885259,-0.03790716730344213,0.28579618356612574,0.09416451116223053
goal2_questions,-0.16888947622336692,-0.29834283109508475,-0.11573644309723115,-0.1252336970658054,-0.11317063468021343,-0.01974329441415196,-0.16888947622336692,-0.17269149380409446,0.113979475096476,-0.0369476351299948,0.658594781521298,0.5074163527485963,1.0,0.4613908356307956,0.594851394122548,0.2531205653946194,-0.0035812884502313598,0.12660789582285636,0.569348701855458,0.4534977817989014,0.4819969799131184,0.11189675569655032,0.0024683107874239043,,0.2668165216541108,0.19189689540423704,0.46745694201126403,0.5230914624697844,0.4011674630708633,0.35587735453465447,0.4997666567350862,0.6109200095435675,0.46022594957956975,0.62057337312552,0.1912870640669202,-0.23168396642401387,0.29925427104052854,0.28091046208874826,0.4363692558258567,0.28548322630650347,0.18810029454863716,-0.21550837023026173,-0.08060869543356143,0.27389310798188643,0.2904168554183474
goal3_questions,0.26013299085723596,-0.5202659817144719,0.0,-0.2878765849748735,-0.16589086726447982,-0.19018144357818267,0.26013299085723596,0.014967108502231243,-0.2610176323366166,0.3186599164150409,0.4677642769637489,0.42990570712457876,0.4613908356307956,1.0,0.5411436027879614,0.10610445994135563,0.1256311618475436,0.10558177469388903,0.2666013845244342,0.15993143609715196,0.11470786693528089,-0.11095711088310102,-0.11095711088310102,,-0.19018144357818267,0.24605143881170569,0.3521803625302495,0.3994677309684806,0.4643830185345861,0.14812620515044975,0.4461441314051561,0.3719522351011138,0.3103256403871006,0.3719522351011138,0.35177156336457427,0.4093156080773207,0.3254582057134746,0.3025056004328912,0.317940322158844,0.43355498476205995,-0.1908383457287868,0.11578891238197915,0.3088273697413863,0.4631556495279166,0.24586608930230408
total_buying_signals,0.18257352139132968,-0.47264360210652634,-0.22693718079483036,0.27946449343074514,0.31032126996564474,0.10216699540450364,0.18257352139132968,-0.027390546061602333,-0.09758954244082124,0.15904454971898146,0.5988769990486984,0.5421476916494452,0.594851394122548,0.5411436027879614,1.0,0.29484387326079975,-0.2645741402248582,0.22527475624658608,0.48564531250346765,0.4173084665418559,0.4322567830928514,0.35534971555076567,-0.01310045034288537,,0.4389812659688013,0.2140354979580762,0.36036973858040217,0.38299105061890176,0.4840340227625977,0.4350368758953324,0.3406330201488772,0.606583439147059,0.4598248855005359,0.6189346856455286,0.35649036198578754,0.15555237171632436,0.48032625271825935,0.4732388419382664,0.6236506735376729,0.44022400485012203,-0.037264202921824786,0.029050726269758846,0.22150990465547032,0.27085530080922215,0.23351142407016323
total_resistance_signals,-0.007886077287953323,-0.48262793002274335,0.15456711484388513,0.263559624363236,0.1674681820897185,0.15255399117468235,-0.007886077287953323,-0.16579523509514862,0.31968098586732013,-0.15570733914295856,0.43073378088802283,0.46392388735161777,0.2531205653946194,0.10610445994135563,0.29484387326079975,1.0,-0.05876133827934359,0.954744151805793,0.5112549989961328,0.8395508564153411,0.4433727356298829,0.18164125532938444,0.3254405824651471,,0.39954616736226334,-0.003948981433549342,0.24102300123503814,0.45210995048970004,0.647765413055597,0.8802334666135981,0.4102165613319045,0.5365938087459435,0.6485665322851495,0.5239083759150702,0.3335213515975655,0.13122128201199104,0.5327881788966815,0.5250536487957258,0.6521785917137398,0.3327924615516302,-0.13697979164509225,-0.10820209127925198,0.02275032740402615,-0.16901640535591186,0.08326074100113186
time_to_reason_seconds,0.18213900713927195,0.2789278515127981,0.3466800425742664,-0.4696446794558439,-0.18691783867576728,-0.3461481303480506,0.18213900713927195,0.04486079229828474,0.059550071960350434,0.3030841709862893,0.10730612444292817,0.1152341160770534,-0.0035812884502313598,0.1256311618475436,-0.2645741402248582,-0.05876133827934359,1.0,-0.07303433042100399,-0.0910754815305204,-0.019749160879681642,-0.16294762053299192,-0.4109716717904287,-0.07427198887778833,,-0.3177287436199676,0.29163040871064466,0.25663348926733637,0.4181738040452446,0.12417156293265828,0.09912685159214883,0.4908908278328461,-0.07826265502310285,0.11482295298968646,-0.05887013873419241,0.32650877901748554,0.1776514098267421,-0.2763433571169738,-0.2932844748513415,0.13374458495250888,0.2410922123486015,-0.017019323895565066,-0.06514107221977912,0.03900915958365765,0.2970474169767739,-0.12681668781291316
total_objections,-0.06984034148488917,-0.4928060050843865,0.22286131440121937,0.24836665514447154,0.20098522366557756,0.11256102934068846,-0.06984034148488917,-0.10849571623191064,0.3496018557923622,-0.18561376430046,0.3734479842808058,0.43346530185921694,0.12660789582285636,0.10558177469388903,0.22527475624658608,0.954744151805793,-0.07303433042100399,1.0,0.44462741675485246,0.758994603483455,0.37578889532405396,0.3215780863193748,0.21087087627499984,,0.338199423019041,-0.07112446050563964,0.0964123532203285,0.2888086867182715,0.6307846357385363,0.7926508757822383,0.2551728304373884,0.3408194511160793,0.45833179175299804,0.3307210970089362,0.3593359430360214,0.16993254075033487,0.49608164551340433,0.49340611056290945,0.5453824419325615,0.2770071971254593,-0.13630501024256203,-0.06444426255759614,0.08049157740125423,-0.14932207177979592,-0.027485976754147205
objections_acknowledged,-0.12483326794143798,-0.33883315584104595,-0.23975913366530152,0.15568940071369064,-0.022745177944801437,0.16949166947855687,-0.12483326794143798,0.07387666280475536,0.1013991648707948,-0.07149474459848228,0.30864884457727576,0.26219945471645706,0.569348701855458,0.2666013845244342,0.48564531250346765,0.5112549989961328,-0.0910754815305204,0.44462741675485246,1.0,0.5767086251788822,0.9698633290364972,0.17114906215182416,0.17114906215182416,,0.11734038656207785,0.18455541717124968,0.24545991888967644,0.3387671347597752,0.32233556606681213,0.5442940064139097,0.3364377619964716,0.5004188998142665,0.34889791480518245,0.4685450845394724,0.062298564872334164,-0.10522681825584317,0.49404413675930764,0.4753825070783264,0.4180923735816415,0.10105550261925932,0.0623951518526135,-0.06151847239041656,-0.2011297220601128,0.39490890340944823,0.07336996254990123
objections_rebutted,-0.29788065047696255,-0.4043854640553179,-0.09485584959322271,0.049723756906077346,0.11461463123188438,0.006569854140345459,-0.29788065047696255,-0.08789707368444277,0.2321017818116807,-0.1551150863827723,0.6379440876886139,0.6401368284218891,0.4534977817989014,0.15993143609715196,0.4173084665418559,0.8395508564153411,-0.019749160879681642,0.758994603483455,0.5767086251788822,1.0,0.490922740512469,0.34497310492481936,0.34497310492481936,,0.5321581853679822,0.1299983750304681,0.3801918002265793,0.5809498594639095,0.5598059270147515,0.8443129084631801,0.5531243601683428,0.5648276893574365,0.6741851312131338,0.5541200554359685,0.372999366565653,-0.025530348876546115,0.5594738723967025,0.5519803542402841,0.6939454259714715,0.36444615896343463,0.14706450888637515,-0.3083294792389308,-0.19203300406351342,-0.02833297917330715,-0.006661561425832903
acknowledgement_rate,-0.11736791530286529,-0.29739836165726036,-0.25860727100631337,0.24436064662279847,0.05922772368075152,0.1950288510483207,-0.11736791530286529,0.1256730606231252,0.10678876715492946,-0.08025000934975665,0.20573815460217706,0.15508266476751167,0.4819969799131184,0.11470786693528089,0.4322567830928514,0.4433727356298829,-0.16294762053299192,0.37578889532405396,0.9698633290364972,0.490922740512469,1.0,0.18996022864722675,0.18996022864722675,,0.14005427558503566,0.11156795289438086,0.1686610578277647,0.2454027557835094,0.24619981921926753,0.4867990555102423,0.2308048498828978,0.377592750288791,0.23137914971684087,0.3439933953902122,0.019166708698968672,-0.1255958518181939,0.38559259669321455,0.37315601139971843,0.3441465991084016,-0.015914293600388516,0.08082705071264051,-0.018926706294582468,-0.23858689569879316,0.36060356203362387,0.037824897773374944
price_mentions_final_2min,-0.42718135564130577,-0.1659657293876695,-0.21503385807619785,0.22359367911793848,0.24745603238440456,0.11679947879987496,-0.42718135564130577,0.07622645670157975,0.2693443900746518,-0.32111114632712484,0.35836552150866774,0.380457355971037,0.11189675569655032,-0.11095711088310102,0.35534971555076567,0.18164125532938444,-0.4109716717904287,0.3215780863193748,0.17114906215182416,0.34497310492481936,0.18996022864722675,1.0,-0.11080332409972299,,0.5355683418140608,-0.0961161313666907,-0.11723074660835885,-0.11819676085144126,0.21955161400552523,0.19821400858103136,-0.1485085915745001,-0.13928876570249396,-0.1652776151534441,-0.13928876570249396,0.2854182558954056,-0.10474175079992178,0.299470846260362,0.3241618663343397,0.22946566063164736,-0.02020452357762933,0.3107819599898284,-0.0317978178957473,-0.02852693842951942,-0.07660383402157304,-0.23541545234630956
timeline_mentions_final_2min,-0.13132940325459064,0.08947717584378702,-0.12988622299904568,0.34497310492481936,0.24745603238440456,0.18896826244857817,-0.13132940325459064,0.15992609543272615,0.48945378411415214,-0.4310410883129874,0.2240696845278228,0.2908944375420575,0.0024683107874239043,-0.11095711088310102,-0.01310045034288537,0.3254405824651471,-0.07427198887778833,0.21087087627499984,0.17114906215182416,0.34497310492481936,0.18996022864722675,-0.11080332409972299,1.0,,0.5355683418140608,0.2608866422810176,0.20295573006572123,0.20462814222405767,0.04564934548629733,0.24037146562998207,0.1618743648162051,0.30179232568873693,0.1683765704375712,0.2576842165496138,0.11197177731281296,0.170311789918572,0.34590043482786004,0.34623740561875704,0.21503385807619785,0.31461329570879953,-0.05863810565845819,0.23270221278251432,-0.15111567384285965,0.010117487512283231,0.40583890864609196
contract_mentions_final_2min,,,,,,,,,,,,,,,,,,,,,,,,,,,,,,,,,,,,,,,,,,,,,
price_timeline_contract_before_dropoff,-0.31167654665829786,-0.07816649900319216,-0.07222980287636743,0.457699838444067,0.6062210410348648,0.09505208333333333,-0.31167654665829786,-0.008197822947299411,0.3911687957230402,-0.35899133653607257,0.5584469363952415,0.5627913366640224,0.2668165216541108,-0.19018144357818267,0.4389812659688013,0.39954616736226334,-0.3177287436199676,0.338199423019041,0.11734038656207785,0.5321581853679822,0.14005427558503566,0.5355683418140608,0.5355683418140608,,1.0,0.041619505738518234,0.22454431407309816,0.21423920626253262,0.35470328313602534,0.39298343460542445,0.1313452225096697,0.3756209731025421,0.26133249337133624,0.3867622731521938,0.22428367055626286,-0.11501485458731715,0.3597048301744683,0.37678347958602676,0.4551467030565619,0.2790247179607619,0.21608836885014068,-0.07233866473599597,0.02484415840240702,-0.2279163409490284,0.310920960413572
average_monologue_length,0.10165674179035354,-0.04442776122689525,-0.0956326385731474,-0.21333066671666562,-0.16315069428524617,-0.08373448178344739,0.10165674179035354,0.24526639354953902,0.3184743120291787,0.002641510186261463,0.1858430772971604,0.1853813082591086,0.19189689540423704,0.24605143881170569,0.2140354979580762,-0.003948981433549342,0.29163040871064466,-0.07112446050563964,0.18455541717124968,0.1299983750304681,0.11156795289438086,-0.0961161313666907,0.2608866422810176,,0.041619505738518234,1.0,0.7745381755215827,0.5562035575589624,-0.11039736203631431,0.2296139951888121,0.5230427553776837,0.36217449796952383,0.12127140579823953,0.33310363525625103,0.2065837920031017,0.5394053420944974,0.4227387952888422,0.4146633590727134,0.3802715155861373,0.5429223024507029,-0.021799505355310438,0.08446455505279035,0.17459226901311553,0.26998491704374056,0.11416732706637896
longest_monologue_length,0.07329098482094357,-0.2740777453199869,0.04886065654729571,-0.22811508013594758,-0.10351914929270738,-0.1481892005627829,0.07329098482094357,0.13401826918043128,0.1593371595973682,0.15571324878058498,0.5196949933433475,0.46321899164052577,0.46745694201126403,0.3521803625302495,0.36036973858040217,0.24102300123503814,0.25663348926733637,0.0964123532203285,0.24545991888967644,0.3801918002265793,0.1686610578277647,-0.11723074660835885,0.20295573006572123,,0.22454431407309816,0.7745381755215827,1.0,0.8421541878375883,0.352264000441288,0.45463663059145665,0.8001499058744143,0.5747373727956031,0.46011341140797557,0.5698250875580338,0.22764242996118195,0.4270530232543075,0.37210560674587123,0.3620193309486064,0.6680167887325585,0.597779594945821,0.0864676296098452,-0.1185127514371622,0.13459413210554624,0.1513904824810201,0.14669230610436168
extended_monologues_count,0.1339345481167001,-0.24554667154728355,0.003848693911399429,-0.304956084586627,-0.12756599304398017,-0.20866797394837694,0.1339345481167001,-0.13392684194501625,0.11817053750990979,0.12768009422686422,0.6026129682684968,0.5404669037232616,0.5230914624697844,0.3994677309684806,0.38299105061890176,0.45210995048970004,0.4181738040452446,0.2888086867182715,0.3387671347597752,0.5809498594639095,0.2454027557835094,-0.11819676085144126,0.20462814222405767,,0.21423920626253262,0.5562035575589624,0.8421541878375883,1.0,0.5325568965089839,0.6090734048109554,0.9742703384200233,0.622810053653349,0.7019178275098326,0.6166190988456616,0.47074665059221327,0.33837150283452844,0.4246994998073533,0.4120995649424253,0.7728177374090053,0.5172644616920832,-0.08835297422929671,-0.19657921992728403,-0.06744039086285039,-0.012334382426809978,0.14982688733059432
short_monologues,0.11023122595717574,-0.49377549161639,0.24009267023549238,0.1353560599647608,0.2404995774559747,-0.034774831680002484,0.11023122595717574,-0.12784522641610868,0.06439395787246531,0.1736665990739365,0.7529789597431178,0.7489115686981769,0.4011674630708633,0.4643830185345861,0.4840340227625977,0.647765413055597,0.12417156293265828,0.6307846357385363,0.32233556606681213,0.5598059270147515,0.24619981921926753,0.21955161400552523,0.04564934548629733,,0.35470328313602534,-0.11039736203631431,0.352264000441288,0.5325568965089839,1.0,0.6005130789931563,0.5364712657694239,0.41778657970528915,0.5820240913040121,0.43600401777383374,0.42268556586229233,0.2267585666358827,0.32912838110503884,0.32337061775310416,0.721788027500411,0.40996955955305775,-0.062120674474409054,-0.009829902099123877,0.19562591331788007,0.10359204519845931,0.0759354597059728
medium_monologues,0.019266256385059504,-0.4754912075832685,0.10557908499012608,0.15180575525903642,0.13877480123748218,0.06794810353177662,0.019266256385059504,-0.13089291892550262,0.2915231772195527,-0.05792958509578303,0.5199209349390739,0.5177867230504473,0.35587735453465447,0.14812620515044975,0.4350368758953324,0.8802334666135981,0.09912685159214883,0.7926508757822383,0.5442940064139097,0.8443129084631801,0.4867990555102423,0.19821400858103136,0.24037146562998207,,0.39298343460542445,0.2296139951888121,0.45463663059145665,0.6090734048109554,0.6005130789931563,1.0,0.5630496283918134,0.5690026292621616,0.6779266174845665,0.5615646863959896,0.4384769275941126,0.20008021352002955,0.4648714291357529,0.4541565164170422,0.8030175661292801,0.4492890988995876,-0.06693030486621829,-0.10496639780059981,0.1206306892226809,0.02855703469575142,0.05861350629631957
long_monologues,0.18491717956095094,-0.19497543618978927,-0.04255416266046988,-0.29454300293794106,-0.1937244125432402,-0.15374518293767542,0.18491717956095094,-0.08293439626989357,0.034159102225673386,0.2310880308193263,0.561116009301258,0.4984152099595149,0.4997666567350862,0.4461441314051561,0.3406330201488772,0.4102165613319045,0.4908908278328461,0.2551728304373884,0.3364377619964716,0.5531243601683428,0.2308048498828978,-0.1485085915745001,0.1618743648162051,,0.1313452225096697,0.5230427553776837,0.8001499058744143,0.9742703384200233,0.5364712657694239,0.5630496283918134,1.0,0.5949103400694132,0.690034617003727,0.5874428462610105,0.46297541484144933,0.3131825922881336,0.4132013240649481,0.3986543212809672,0.7180047808893827,0.47738033384563483,-0.0671962189244689,-0.1139070889489178,-0.028934118911756054,0.03874390780575435,0.07084794159613375
very_long_monologues,0.15239234961229628,-0.2733386588284044,-0.07498671171398705,0.15258378338091888,0.08850592749251697,0.09549685756844291,0.15239234961229628,-0.32316722117655633,0.06553311193017358,0.007273202818154843,0.46976211445623167,0.40816973688437497,0.6109200095435675,0.3719522351011138,0.606583439147059,0.5365938087459435,-0.07826265502310285,0.3408194511160793,0.5004188998142665,0.5648276893574365,0.377592750288791,-0.13928876570249396,0.30179232568873693,,0.3756209731025421,0.36217449796952383,0.5747373727956031,0.622810053653349,0.41778657970528915,0.5690026292621616,0.5949103400694132,1.0,0.8362636561682016,0.9961089494163424,-0.0024532916107212464,-0.004281914679922433,0.6809338521400778,0.6601755807300915,0.6192451031864737,0.48620416304875475,-0.11794056796271854,-0.1671574606013187,0.16799595701222106,0.0048451437855454695,0.4756767814914338
total_interruptions,0.16252821977348156,-0.3121402896311897,-0.0635044037525524,0.004764559231188225,0.046332170656399094,-0.030453379986361676,0.16252821977348156,-0.4943794763675088,-0.060480346384031713,0.14671434106144213,0.5252950315913252,0.49021555165290936,0.46022594957956975,0.3103256403871006,0.4598248855005359,0.6485665322851495,0.11482295298968646,0.45833179175299804,0.34889791480518245,0.6741851312131338,0.23137914971684087,-0.1652776151534441,0.1683765704375712,,0.26133249337133624,0.12127140579823953,0.46011341140797557,0.7019178275098326,0.5820240913040121,0.6779266174845665,0.690034617003727,0.8362636561682016,1.0,0.8414578403680042,0.16592887822004623,0.03810633845910901,0.514224235780447,0.49479474852865096,0.685632291362303,0.3971716099100311,-0.22249261811465698,-0.25655639626649784,0.006325245384747934,-0.1088747732055306,0.2213555626773045
interruption_rate,0.1499734234279741,-0.2781765111970487,-0.043540671317798936,0.1418761494594509,0.12147872400933701,0.062072957419487894,0.1499734234279741,-0.3369456685910607,0.03155297981823173,0.04121481596954411,0.4832188416932591,0.41685419937127655,0.62057337312552,0.3719522351011138,0.6189346856455286,0.5239083759150702,-0.05887013873419241,0.3307210970089362,0.4685450845394724,0.5541200554359685,0.3439933953902122,-0.13928876570249396,0.2576842165496138,,0.3867622731521938,0.33310363525625103,0.5698250875580338,0.6166190988456616,0.43600401777383374,0.5615646863959896,0.5874428462610105,0.9961089494163424,0.8414578403680042,1.0,-0.0024532916107212464,-0.028546097866149554,0.6381322957198443,0.6173323277033599,0.6144072508178294,0.4789473844957883,-0.10934073488210365,-0.1962283233145915,0.18996465908305,-0.0048451437855454695,0.48051827545063414
name_usage_count,0.18072709303119103,-0.27528472820362854,-0.1098088666518629,-0.03881893860185529,-0.013677114779421361,0.029603437500714785,0.18072709303119103,0.14768333855040253,0.17139468377317305,0.040507236408300035,0.4843827908625209,0.5068765579969587,0.1912870640669202,0.35177156336457427,0.35649036198578754,0.3335213515975655,0.32650877901748554,0.3593359430360214,0.062298564872334164,0.372999366565653,0.019166708698968672,0.2854182558954056,0.11197177731281296,,0.22428367055626286,0.2065837920031017,0.22764242996118195,0.47074665059221327,0.42268556586229233,0.4384769275941126,0.46297541484144933,-0.0024532916107212464,0.16592887822004623,-0.0024532916107212464,1.0,0.4868512807957396,0.07605203993235864,0.07612612863958473,0.4949024615073543,0.3393399004172152,-0.23237828040089234,0.29937466345735997,-0.011406852099688173,0.020620193656501834,-0.028236016311631806
rapport_elements_count,0.4409901432237477,-0.4409901432237477,0.010647649333370167,-0.025530348876546115,0.04901655499762752,-0.08523943537943302,0.4409901432237477,0.25684391661166944,0.11129019885287997,0.2619024859852643,0.12475025393088214,0.20843001490045926,-0.23168396642401387,0.4093156080773207,0.15555237171632436,0.13122128201199104,0.1776514098267421,0.16993254075033487,-0.10522681825584317,-0.025530348876546115,-0.1255958518181939,-0.10474175079992178,0.170311789918572,,-0.11501485458731715,0.5394053420944974,0.4270530232543075,0.33837150283452844,0.2267585666358827,0.20008021352002955,0.3131825922881336,-0.004281914679922433,0.03810633845910901,-0.028546097866149554,0.4868512807957396,1.0,0.21409573399612164,0.2143043027099721,0.31765487177887664,0.40815989111252304,-0.44749800999094147,0.4523184829095539,0.35931434954457836,0.18306013257243242,0.011099650130334423
empathy_responses,-0.014513557105932978,-0.22737906132628333,-0.17900053763984006,0.18470668514532285,0.08850592749251697,0.12892075771739794,-0.014513557105932978,-0.23298101991798248,0.3567913871753895,-0.2836549099080389,0.37434168495730963,0.38831953691431415,0.29925427104052854,0.3254582057134746,0.48032625271825935,0.5327881788966815,-0.2763433571169738,0.49608164551340433,0.49404413675930764,0.5594738723967025,0.38559259669321455,0.299470846260362,0.34590043482786004,,0.3597048301744683,0.4227387952888422,0.37210560674587123,0.4246994998073533,0.32912838110503884,0.4648714291357529,0.4132013240649481,0.6809338521400778,0.514224235780447,0.6381322957198443,0.07605203993235864,0.21409573399612164,1.0,0.9990267637596959,0.534582686735198,0.4571770488368888,-0.1289974962092234,0.0,0.14602725494139215,-0.026648290820500083,0.1742937825312124
empathy_response_rate,-0.021791543979232237,-0.21670479846014282,-0.17675363449821704,0.1956046886385473,0.10509460763173473,0.12904635030219097,-0.021791543979232237,-0.23007347043586496,0.3692865516991107,-0.2960650558468014,0.36797144448396474,0.3831095242457362,0.28091046208874826,0.3025056004328912,0.4732388419382664,0.5250536487957258,-0.2932844748513415,0.49340611056290945,0.4753825070783264,0.5519803542402841,0.37315601139971843,0.3241618663343397,0.34623740561875704,,0.37678347958602676,0.4146633590727134,0.3620193309486064,0.4120995649424253,0.32337061775310416,0.4541565164170422,0.3986543212809672,0.6601755807300915,0.49479474852865096,0.6173323277033599,0.07612612863958473,0.2143043027099721,0.9990267637596959,1.0,0.5290502621624715,0.44914793423862004,-0.1205149526480241,0.0012124659622009164,0.1461695124080953,-0.04728617252583574,0.16174227433127988
total_call_duration,0.13383458646616542,-0.3022556390977444,0.11278195488721804,0.12481032841213516,0.08307084835551402,0.10982887834625733,0.13383458646616542,-0.0739753352842334,0.2964935984990667,-0.039186234276498116,0.7490981661063201,0.7442656163626188,0.4363692558258567,0.317940322158844,0.6236506735376729,0.6521785917137398,0.13374458495250888,0.5453824419325615,0.4180923735816415,0.6939454259714715,0.3441465991084016,0.22946566063164736,0.21503385807619785,,0.4551467030565619,0.3802715155861373,0.6680167887325585,0.7728177374090053,0.721788027500411,0.8030175661292801,0.7180047808893827,0.6192451031864737,0.685632291362303,0.6144072508178294,0.4949024615073543,0.31765487177887664,0.534582686735198,0.5290502621624715,1.0,0.7338345864661654,0.01603862065443396,-0.08734949664948896,0.07310593048795426,0.10090372888820277,0.018811141517817834
time_in_final_stage,0.16691729323308271,-0.058646616541353384,0.3398496240601504,0.05824481992566307,0.004315368745740988,0.10290273286496182,0.16691729323308271,0.08643433912157797,0.4398365596054857,-0.12961600568380147,0.6099256134185469,0.6362892575120834,0.28548322630650347,0.43355498476205995,0.44022400485012203,0.3327924615516302,0.2410922123486015,0.2770071971254593,0.10105550261925932,0.36444615896343463,-0.015914293600388516,-0.02020452357762933,0.31461329570879953,,0.2790247179607619,0.5429223024507029,0.597779594945821,0.5172644616920832,0.40996955955305775,0.4492890988995876,0.47738033384563483,0.48620416304875475,0.3971716099100311,0.4789473844957883,0.3393399004172152,0.40815989111252304,0.4571770488368888,0.44914793423862004,0.7338345864661654,1.0,0.07866561559079513,0.02409641286882454,0.269929589493985,0.31777144470762364,0.04740407662490094
LQ_User_encoded,-0.29327763482393526,0.1894084724904582,0.17871605872083554,-0.06592546950078887,-0.15177738140366506,0.09698850043738873,-0.29327763482393526,0.45164666424879113,0.09847483463399463,-0.001530944843883857,0.1552737074033385,0.11829787724262994,0.18810029454863716,-0.1908383457287868,-0.037264202921824786,-0.13697979164509225,-0.017019323895565066,-0.13630501024256203,0.0623951518526135,0.14706450888637515,0.08082705071264051,0.3107819599898284,-0.05863810565845819,,0.21608836885014068,-0.021799505355310438,0.0864676296098452,-0.08835297422929671,-0.062120674474409054,-0.06693030486621829,-0.0671962189244689,-0.11794056796271854,-0.22249261811465698,-0.10934073488210365,-0.23237828040089234,-0.44749800999094147,-0.1289974962092234,-0.1205149526480241,0.01603862065443396,0.07866561559079513,1.0,-0.46199653454763173,-0.125669908675546,0.20652162968188836,-0.27591906248024406
LQ_Customer_Name_encoded,0.3689763220538758,0.007530129021507669,-0.3207834963162267,0.534993312625388,0.023770299829638516,0.5232166435699435,0.3689763220538758,0.2932278663740117,0.08915769589428964,0.06188681007812571,-0.1370973521044626,-0.08264916659885259,-0.21550837023026173,0.11578891238197915,0.029050726269758846,-0.10820209127925198,-0.06514107221977912,-0.06444426255759614,-0.06151847239041656,-0.3083294792389308,-0.018926706294582468,-0.0317978178957473,0.23270221278251432,,-0.07233866473599597,0.08446455505279035,-0.1185127514371622,-0.19657921992728403,-0.009829902099123877,-0.10496639780059981,-0.1139070889489178,-0.1671574606013187,-0.25655639626649784,-0.1962283233145915,0.29937466345735997,0.4523184829095539,0.0,0.0012124659622009164,-0.08734949664948896,0.02409641286882454,-0.46199653454763173,1.0,0.3041284686034916,0.20060331825037708,-0.0007535797166097621
LQ_Company_Name_encoded,0.4555061822710996,-0.272339675114467,0.39284395613856743,0.2133700045150149,0.31872484160300174,-0.055502907069207165,0.4555061822710996,-0.008320054952480426,0.014106643048862269,0.3099943470596713,-0.025189935472825727,-0.03790716730344213,-0.08060869543356143,0.3088273697413863,0.22150990465547032,0.02275032740402615,0.03900915958365765,0.08049157740125423,-0.2011297220601128,-0.19203300406351342,-0.23858689569879316,-0.02852693842951942,-0.15111567384285965,,0.02484415840240702,0.17459226901311553,0.13459413210554624,-0.06744039086285039,0.19562591331788007,0.1206306892226809,-0.028934118911756054,0.16799595701222106,0.006325245384747934,0.18996465908305,-0.011406852099688173,0.35931434954457836,0.14602725494139215,0.1461695124080953,0.07310593048795426,0.269929589493985,-0.125669908675546,0.3041284686034916,1.0,0.15850081564785143,0.2681228567882304
LQ_Company_Address_encoded,-0.0015060258043015338,-0.1521086062344549,-0.025602438673126077,-0.04166614584309875,-0.04970153600742599,-0.013873168579506077,-0.0015060258043015338,0.38369178259578124,0.0015111473880388075,0.25056610909680166,0.28333452768255607,0.28579618356612574,0.27389310798188643,0.4631556495279166,0.27085530080922215,-0.16901640535591186,0.2970474169767739,-0.14932207177979592,0.39490890340944823,-0.02833297917330715,0.36060356203362387,-0.07660383402157304,0.010117487512283231,,-0.2279163409490284,0.26998491704374056,0.1513904824810201,-0.012334382426809978,0.10359204519845931,0.02855703469575142,0.03874390780575435,0.0048451437855454695,-0.1088747732055306,-0.0048451437855454695,0.020620193656501834,0.18306013257243242,-0.026648290820500083,-0.04728617252583574,0.10090372888820277,0.31777144470762364,0.20652162968188836,0.20060331825037708,0.15850081564785143,1.0,-0.09193672542639098
LQ_Service_encoded,0.09330326192837646,-0.20015054574958174,0.05718587021416621,0.01165773249520758,0.2526390972994435,-0.19704863414745485,0.09330326192837646,-0.2965137115231929,0.05398282343365723,-0.1972098774140005,0.13813569455869865,0.09416451116223053,0.2904168554183474,0.24586608930230408,0.23351142407016323,0.08326074100113186,-0.12681668781291316,-0.027485976754147205,0.07336996254990123,-0.006661561425832903,0.037824897773374944,-0.23541545234630956,0.40583890864609196,,0.310920960413572,0.11416732706637896,0.14669230610436168,0.14982688733059432,0.0759354597059728,0.05861350629631957,0.07084794159613375,0.4756767814914338,0.2213555626773045,0.48051827545063414,-0.028236016311631806,0.011099650130334423,0.1742937825312124,0.16174227433127988,0.018811141517817834,0.04740407662490094,-0.27591906248024406,-0.0007535797166097621,0.2681228567882304,-0.09193672542639098,1.0
