TO_length_in_sec,TO_OMC_Duration,Calls Count,Connection Made Calls,Dial Attempt Calls,timezone,season_status,season_month,lgs_sentiment_style,lgs_agent_gender,is_decision_maker,ready_for_customers,forbidden_industry,ready_to_transfer,lgs_call_not_transferred,customer_sentiment_lgs,customer_language,customer_knows_marketing,customer_availability,who_said_hello_first_lgs,customer_marketing_experience,technical_quality_score,technical_quality_issues,customer_talk_percentage,agent_talk_percentage,talk_ratio_classification,total_discovery_questions,goal1_questions,goal2_questions,goal3_questions,discovery_quality,advanced_discovery_used,total_buying_signals,total_resistance_signals,signal_ratio,customer_sentiment_omc,omc_agent_sentiment_style,omc_who_said_hello_first,time_to_reason_seconds,business_type_mentioned,location_mentioned,within_45_seconds,call_structure_framed,call_structure_clarity,total_objections,objections_acknowledged,objections_rebutted,acknowledgement_rate,price_mentions_final_2min,timeline_mentions_final_2min,contract_mentions_final_2min,price_timeline_contract_before_dropoff,roi_calculation_presented,average_monologue_length,longest_monologue_length,extended_monologues_count,short_monologues,medium_monologues,long_monologues,very_long_monologues,total_interruptions,interruption_rate,interruption_pattern,conversation_balance,script_adherence,stages_skipped,stages_out_of_order,premature_closing_attempt,name_used_first_minute,name_usage_count,rapport_elements_count,tone_assessment,personal_greeting,common_ground_established,sentiment_progression,sentiment_opening,sentiment_early_middle,sentiment_late_middle,sentiment_closing,notable_sentiment_shifts,customer_frustrations,empathy_responses,empathy_response_rate,total_call_duration,disconnect_stage,hang_up_initiated_by,time_in_final_stage,commitment_type,commitment_clarity,assumptive_language_used,full_sale_closed,payment_info_collected,followup_scheduled,call_result_tag,primary_disconnect_reason
0.007462693015739459,-0.0032495014525478908,0.0032683864540021374,-0.0008939918646836424,0.006019451396339401,0.010711046547655746,-0.00025976810091393217,0.0,0.000725992513862561,0.0008722533232455881,-0.00020648213910213478,-0.00021030846741836918,0.0,-0.00019833453818377078,0.000503492356475134,-0.0010441761865293876,7.132551716143046e-05,0.0003526217289175799,-0.002487235423299185,0.0005262532504895523,0.013134070480717056,-0.0068414970860963265,0.0016180669210451096,-0.005935301411103404,-0.017864311525122124,-0.0049986570916054985,0.0018312205776045034,-0.0031868083449473577,0.00453610438735629,0.0001836249883407471,0.00040419573865901377,0.0002603990299823631,-0.0007619528780222274,0.0025869743973215356,-0.005127152163461686,0.008028109671992516,0.001104571338068703,0.0,0.008942336915533587,0.0020837775625003082,0.008500041994086228,2.9152082485416048e-05,-0.0005244346916304255,0.016986229184476162,0.004358370890845244,3.18622733666367e-05,0.0036114875582170746,-0.001290419519012022,0.0006186482589222912,0.00027797822808052995,0.0,0.0022327030771748945,2.0206536362551408e-05,0.01350534265200591,0.019101916336879958,-0.0018339074516530401,0.0034438625712592125,0.0028668529615882422,0.0005686054603414794,0.001683208283576766,0.011629909557471419,0.02500231745771583,0.014192776456813829,-0.0077266455568006,0.002280614665542346,0.00707916510475794,0.0036972583723711124,-0.00010098039215686275,0.004608351541074412,0.016311018239671377,0.006390106477054884,0.00037431719276086314,-0.0001246503379349679,-3.6894047619047624e-05,0.032392487944350574,0.0031806844148594446,0.012741421688078632,0.004380596843519195,0.00998472770644622,0.011055197733238688,0.004169679587072668,-0.0006545318346588266,0.0003239883388061419,0.00933075245183379,0.0067593673623491,0.007988035900075735,0.006045035780898291,-0.0007757886482845629,-0.0002712154150197629,0.00011535095956780232,0.0,0.0,-0.00022941659791323772,0.01804067139983118,0.017078045907832243
0.005127240891604033,0.00016473321908979532,0.0029231609857470722,-0.0013239194016459663,0.005622064302114641,-0.006670844692776322,-0.00026198034851330245,0.0,0.0002837727526614092,0.0011606097503200066,-0.0003855137182531937,0.0032738888597414256,0.0,0.000676848563602008,0.0006615331407393466,0.002618348201173199,4.3194541574314495e-05,0.0001991353461430473,0.01751473849168465,0.0021272768936599308,0.0010815628822265272,-0.00872846591274984,-0.00015149397269946153,0.012342738211830254,0.015085545821463923,-0.0046384811952901485,0.0026136929578524427,-0.0018064438787251638,0.005443381703111937,9.384324230900102e-05,0.00025935068986025626,0.0002564085144927536,-0.00012638522795007404,0.0012117264670221694,0.0031716376684390543,-0.0034830737277451417,0.0007001839571425646,0.0,0.009287641036595072,0.001835239849829355,0.008903053548175596,0.00034352029143695816,-0.0003680285681604226,0.018417021660803945,0.004209315192957923,-0.000247652762192181,0.0029112983145279207,-0.0012155978406715813,0.0010870364071146825,0.00028616744925648383,0.0,0.002367020896566293,-4.87346613286463e-05,0.00848859696329289,0.026345254306027983,-0.002157913524221636,0.0034818782743945755,0.00451791847479452,0.0007483073239627557,0.0017303022374865397,0.014703682379923727,0.03023187441779054,0.018251116464986106,-0.008421291379699812,-0.0015006592949848184,0.008199688591529905,0.004274599292496716,-0.00010921052631578947,-0.0009315797980626661,0.01464212927311263,0.005437861224072045,0.0003744531984482792,-5.578035869971358e-05,-0.00011246547619047619,-0.010883092666965084,0.003508660754551225,0.019247117493447582,0.00519173373121566,-0.006890905053238639,0.0018899788890180428,-0.0020693420367852576,-0.0009363854183924426,0.00033709080066677264,0.013385216824745447,0.0012102829205755702,-0.003027271646703965,0.0012791500458243772,-0.0008157047655965559,-0.00030988227687503065,8.019147680918163e-05,0.0,0.0,-0.00026956658681322665,-0.008617352980803374,0.01174447782748302
0.009979329867120435,0.0016830242717225492,0.004959234057717268,-0.0011675103754112638,0.0007007867427876888,-0.007242002757995701,0.004025908372933391,0.0,-0.00016582801548716415,0.000987320044192063,-0.00013021603945280593,-0.002381130562384771,0.0,-0.0006373656107467682,0.0006777595521871567,-0.0003285211098410406,7.132551716143046e-05,-6.907953031174601e-05,-0.0027127514438082603,0.00024488002444178486,-0.0007369593874121768,-0.006438747553879019,0.002649426365789738,0.011833466590548262,0.014876203675437304,0.004546018274653922,0.005208887229904565,0.01180718742087345,-0.005895215917682574,-2.5503679732761725e-06,-0.002348580852775813,-0.0002904574634805612,0.0015736020735952598,0.0013642122135626507,0.006886822120008746,0.007912387505216051,0.0010029853541809477,0.0,0.0101629402615118,0.002085002713700321,-0.00562001748703945,-9.927563449622252e-05,0.0019487258851712777,0.0026834378512329508,0.004242417960705726,0.005777498076639937,-0.0034861376042907614,0.0031089137320828484,-0.00013362069218561548,0.0005231339818979686,0.0,0.00017338278999358593,-4.5023964131106954e-05,0.011373645396166818,0.029305960703133578,-0.0009443074462456787,0.001066951947411125,-0.007965184106668676,0.00047961937636527784,0.0018166508635218174,0.01128831163966804,0.028199715206107465,0.015525485727367953,0.01812888218816991,0.0022754927757557063,0.007068627243992462,0.0037668190878130114,-0.00015773993808049537,-0.0013681498773681423,-0.006897680993936897,-0.0022732289406646178,0.0003544933163111526,-4.829190066690072e-05,-1.3375000000000005e-05,0.03203427121869271,0.0022848502583780756,0.004640080197925945,0.003740012992116638,0.0013213455285764242,-0.0027799427871916253,0.006473704653447938,-0.0011168028439926165,0.0004393050579809445,-0.007508365995523038,0.00884882396576179,-0.0040000666714718695,-0.00010618154534057742,-0.0007394853646572612,-0.000224864734299517,3.5403869620712435e-05,0.0,0.0,-0.00023937220943134925,0.01717879226782373,-0.005353242806564517
0.010945776407138926,0.015527443125385983,0.0025189018184731773,-0.0012512060453662305,0.005899979547411619,-0.0065550689226552975,-0.00030908192824520434,0.0,0.0008979146684754036,0.0011498467855853524,0.0006986879721350249,0.0027227158143673727,0.0,0.002097061215135692,0.0008432980645305716,-0.0017244101644455754,7.132551716143046e-05,7.123169184252719e-05,-0.002455659366132466,-5.5028499928083566e-05,0.011622023497331484,-0.006414737327165047,0.0016019079290315848,0.013761588609943443,0.018361577764528153,0.004761949463214184,0.0032503290851043495,-0.004601626937202119,-0.0002514898524946682,0.00011793744520755171,0.0007593165282029016,0.000299901332815735,-0.0006040460685365892,0.0008084025509266392,0.002751071445631445,-0.004239651571551594,0.0022660943269950445,0.0,0.0065435191536411174,0.0018973253635723056,-0.006516184782081785,2.9077540106952008e-05,-0.0006221994085546252,0.012503652496379842,0.0028990756692127695,0.007121480008408359,0.003109769239527482,0.0032690800379991556,0.001088386322080669,0.00025931433935310217,0.0,0.003338201058992046,3.771052360338075e-05,0.013126875267356928,0.026205382594894036,0.0020528040708089833,0.0006798695297801257,0.016280624309951742,0.0037340065504052576,0.001618109111850755,0.016298403556814722,0.03005533368151629,0.01697259069852699,0.018828810315504537,0.0015678389914966498,0.008360422607858787,0.003812299667988691,-0.00015773993808049537,-0.0010452432700968812,0.013987627295139238,-0.0016912429022497236,0.0002851564579097087,-9.6817534543341e-05,-3.786794532627866e-05,-0.014347976061525523,-0.006274986505142298,0.019254730595302673,0.004451010091798004,0.009252533109407856,0.0019307522283320115,0.0037421645248625277,-0.0008337643318201737,0.00040257618044371203,-0.0010142182392140508,0.007450102359941078,-0.0032446860480348436,0.001760572503943023,0.0054971980785681294,0.0021065601851851857,6.742966327150604e-05,0.0,0.0,-0.00014815438790102768,0.017872220109908753,-0.006322520818656943
0.0021483976949034467,-0.008368779950831243,0.0018102538256540785,0.006467887598259766,0.004538750924608138,-0.005313531307342857,-0.0003317443303999657,0.0,-0.0022186765419400884,0.0003138808622079481,-0.0003855137182531937,-0.004468114541415009,0.0,0.0003934106313391996,0.0007247288669779688,0.0030851098684963312,4.3194541574314495e-05,9.377733647353617e-05,0.0159428557937678,-3.5689023740781466e-06,0.0003743602556467272,0.005577081046515134,-0.0017532702334623147,0.004532132342174974,0.007339527921043646,-0.003587055326143276,0.0017732475292501128,-0.001743926165571782,0.004691747176731609,9.384324230900102e-05,0.0003786630750707508,7.706068840579713e-05,0.0016035067407590617,0.0011150144001316736,0.008759426664938216,-0.0032118597737604343,0.0005900774548172697,0.0,0.009454888873970575,0.001970841099115721,0.009987434189106283,0.0005796539494456163,0.0008607512319735982,0.011913473405082774,0.003241689689143836,0.002952488445060283,0.0032815065244409026,0.0033232185472749187,0.0007542441993224748,0.0002670865669035427,0.0,0.002496820620326235,1.914146838958869e-05,0.010999961703341105,0.027114720745568647,0.00130774672622376,0.002735216393778367,0.010807224857025724,-0.0038097294606111052,0.0010512185010858276,0.011198216366173717,0.024803261682246617,0.014652669163557704,-0.007027130934038315,-0.004671087400825655,-0.010803075601253228,0.0036957782563557936,-0.00010098039215686275,-0.0008481571745439166,0.01705639464400103,0.005439170531511742,0.0005281821590206352,-4.323218956283476e-05,-3.6894047619047624e-05,0.029078069203548728,-0.008175429490266771,0.020022836915119465,0.0047145948876158705,0.00699224601748134,-0.003240920004691657,0.0023402803966214936,-0.0007747016363393495,0.00023614830828295365,0.009995091066061442,-0.00027082941871268827,-0.0021516484807744024,0.008371628642567113,0.0004588549389036206,0.0018493882575757578,6.877886962071239e-05,0.0,0.0,0.0007045766719590643,-0.0089765568192904,0.009499966772303435
0.009871907917500332,0.01679964792490573,-0.0074545479670880994,-0.0014816163982336083,-0.008928880309343004,-0.005283226843403681,-0.0001035189674975009,0.0,0.000712233219761471,0.00020478958244929803,-0.00032129552910215524,0.0009698026726267312,0.0,0.0028772168032751514,0.0008527811512435174,-0.0018191291790355362,4.3194541574314495e-05,0.00018551531508714667,0.018899267534940697,0.0015810795839221513,0.0005564106708273135,-0.004258203025317006,0.00024061797555178678,0.012594214594060571,0.01642096709644416,0.0044694371837706,5.337259941527514e-05,-0.004916691644543047,0.005751369991124232,0.000106343242309001,0.0008475082475301979,0.0002891870471014493,-0.00021728880663230386,-0.001832495715950963,0.0030986979458309917,-0.003595759564975224,0.00037432004745759095,0.0,0.009523370831326759,0.001712617057138808,0.009195824609663845,-0.00011968636301969616,-0.0013154137432875351,-0.0005524732408371079,-0.005928295209195995,-0.00020688896788232161,0.004354731565112962,-0.0013351925376412783,0.0008329354082871213,0.00025931433935310217,0.0,0.0026385156033395486,-5.1432694289837114e-05,-0.0014048752364011524,0.03236927737106365,0.0024087790632222783,-0.00041498616752982584,0.01376826481815703,-0.004637127350206699,0.001457211281759216,0.014273922626387856,0.025605571029443604,0.0157906083461081,0.021676215783116057,-0.0017198509964860122,0.007555904997303604,0.0034045816368836173,-0.00015773993808049537,-0.0008119795276739568,0.015805356815393176,0.003862750455899296,0.0003523960996828471,-4.323218956283476e-05,-3.786794532627866e-05,-0.011194155556520737,-0.007521667559911681,0.01029897276752947,0.0009663358376999649,-0.01028531826119655,0.0017788834707199723,-0.0024654428166890068,-0.0006749192923605772,0.0003296511122999874,0.002737686207233185,0.008225877779881126,-0.003038268393557403,0.0038783379762785397,-0.0007653171697700605,-0.0002526318742985411,5.882044223886999e-06,0.0,0.0,-0.0007133390929808942,-0.00804544319754212,-0.002230776567163612
-0.0028959581737284692,0.015338765038209072,0.0037634495117545973,0.007878572614570258,0.006506495094716121,0.014491548905073036,0.003384769076062679,0.0,0.0005357890617393165,0.0013101051313739271,-0.00031886911431911613,0.004408587371279736,0.0,0.0019343776271885014,0.0006927976819728468,-0.0003818469537751152,2.072786289504556e-05,5.1765880850835174e-05,-0.0023444986759752658,0.0008112887280073611,-0.005393891532145633,-0.006582981056395725,0.001569009558548984,0.007991862808369256,0.010726636741410372,0.0033884856048461776,-0.000557640147567066,0.015565298451812024,0.005477641006931304,5.8693018270110124e-05,0.0007997974293319509,0.00025582603663446067,-0.00013371903422372983,0.0010963988149746001,0.0014511078267458054,-0.0026455677600368335,0.0017738999593490813,0.0,0.010567777355005468,0.001988079333189601,0.008269746390174222,-3.7401302401301994e-05,0.002390827041183724,0.0014926160123695403,0.0046111826080856245,-0.00012025091253862119,0.003207455137732097,-0.0005019249741457738,0.00086541566868446,-0.002069479073915215,0.0,-0.0024498794207345226,3.5387291280148424e-05,0.013327665801657052,0.03229850446451833,-0.001453697557466217,0.0027819173246761853,0.015004456147014416,0.0009546959460704614,0.0018340748692521362,0.013587326990641135,0.028007497855439666,0.01625984341426729,0.01993026654828903,-0.0009579843051451642,0.007802161259088899,0.0038239807092879875,-0.00015773993808049537,-0.0008549133861901502,-0.006707374030980673,0.006153443851583387,0.00022665606922317444,-9.367250534992471e-05,-2.0412037037037042e-05,-0.011118803290014145,0.0023350468008943213,-0.035220076434859963,0.005219140874026928,-0.009722977769981473,0.0006699335962044813,0.003212452276905127,-0.0007597204820160901,0.000506982673747629,0.0023392211793240064,0.008758718983433852,-0.002896398074876108,0.001303333938906486,-0.0005974783743645009,-0.0002293267213194751,-0.00016420357286895402,0.0,0.0,-0.00010738515713179693,0.014790113176003787,0.0042040723861254525
-0.0038948852917666354,-0.00016153544954882284,0.005056473398226245,0.010083162816538824,0.007193670998652717,0.017508988247634232,-0.0005118019112578345,0.0,0.00046609558528844713,0.0021013781227628104,-8.233795303305285e-05,-0.005129696510681019,0.0,-0.0009368921726610562,0.0006682145877761805,-0.0003882915906767661,7.132551716143046e-05,8.265369874740588e-05,-0.0023015282877821676,2.2257445531878562e-05,-0.0006897243393981868,0.011301854151579978,0.01074940702186417,0.009573689596847465,0.010158199943862398,0.003622222796169416,0.0044565646971719665,0.015376312472820767,0.005813506853762683,0.00011654272065106248,-0.0019344782886732493,0.00036603889895330124,0.0006698362229970015,0.0007924357646964795,0.0070272057074411655,-0.004341638041038456,0.0008763100808319388,0.0,0.006664170495641081,0.0020194645479677804,0.0067807492926080975,-1.0517733446654832e-05,-0.001458248072205855,0.011688444448530531,-0.0019931168322315966,-2.4551586332861023e-06,0.002884580298706385,-0.0006482622969536848,-0.0039033352979920017,0.0003752080045114732,0.0,-0.004006520783795364,1.4332096474953614e-05,0.012462221249928445,0.034176902204547124,-0.0018409095804384698,-0.0005665459851257689,0.01568223952175674,5.94620958948127e-05,0.0016337739901097507,0.013630499012131092,0.03029874935685321,0.01781849452031919,0.016038585630656917,0.0009808211752297517,0.009142749646868772,0.0038076152187480456,-0.00015773993808049537,-0.0007566882930962321,-0.005989112282649882,0.006658608898646007,0.00042610386625503585,-7.239699743732005e-05,-3.786794532627866e-05,-0.013031073042375416,0.0033084358200108394,0.011149301835409273,0.003839220280489477,-0.012057719728867591,0.0015785754273787238,-0.00439050789322763,0.0019926595110101256,0.0027877763243170503,-0.006092017922297298,-0.0010317965962794821,-0.003946542277272395,4.4966391685918796e-05,-0.0007065425320001862,-0.00037341835016835024,-0.0001297173709807913,0.0,0.0,-0.00023475889450553432,-0.0032922514345565777,-0.00602951876752851
-0.0018090474747381243,0.002048880683018839,0.0022158223751974583,-0.0015590555576732003,0.007253777230413445,0.013643055117519358,-0.00022196474350681667,0.0,0.00047076859926584446,0.0007270137379756628,-0.00022508215065557773,0.0034745689575238093,0.0,-0.0006610509540437761,0.0006537690563689784,-0.0011492378779506254,2.0186602756262216e-05,0.00023050770068604341,-0.003008439584385874,-7.193163387283564e-05,-0.009360984053958677,0.01102419956931784,0.009743130973249255,0.014495781881630733,0.017888598249129577,0.0045595690527731976,0.00142059767221409,-0.0040063117131412035,0.004812338946813994,4.244851775251175e-05,0.0004805501280722657,0.00018214752990568212,-0.0005896492337008019,0.0025481345506741613,0.0008406340820983023,-0.0023192527430078583,0.00034626151788692936,0.0,-0.007886576747541363,0.0020882681931170114,0.009778956945584769,0.0005849331691366007,0.0012385520554569296,0.003344730550627027,0.004593565196164509,-0.0003615245809565016,0.0035759367368468444,-0.0007576351437792869,0.0008329354082871213,0.00020289096391318262,0.0,0.002275774647581592,1.914146838958869e-05,0.011799168456495361,0.03600486291457215,-0.0010814409306583084,0.002100490509081909,0.013124577961320502,0.0017680326377670131,0.0010300054195599303,0.013844364322800706,0.027237973239819184,0.016698328188399964,-0.008894579560765656,-0.0004633787189593999,-0.008963765936011224,0.0043689517248217775,-0.00010098039215686275,-0.0009621415919624572,-0.006437876316968646,0.005583277801483494,0.00043581148168487344,-0.00010671624768636155,-3.7518827160493836e-05,-0.013905469644727005,0.0036883081915946125,0.022194573219864875,0.006728991941727849,0.009311505648379964,0.003953619394935777,0.003209687714186334,-0.0008043671382441303,0.0003089699370964935,0.011354049640165308,0.006518000405024566,-0.0015206245312421169,0.004801994770247914,-0.0008983315319280624,-0.00035119612794612805,0.00010102481014251498,0.0,0.0,-0.00015706891781555759,-0.009503517212562599,-0.006589550420084802
0.008586255054810329,-0.014346658952931227,0.0030867695089738536,-0.0009287017637252016,0.006899353623536136,0.01130220705842796,-0.00046709761304397743,0.0,0.0004645301255023281,0.0011104519443557697,-0.00018033834825246158,0.001980226806720534,0.0,0.0005166445327735703,-0.0029771717069041275,-0.002778993295990851,7.132551716143046e-05,0.00039947388162076653,-0.001984773681714192,0.00045272868560408095,0.011209421910647426,0.012438732782299408,0.0073018385003347204,0.010379596409611136,0.015641020974703,0.005129945258798678,0.0033127477831997616,-0.0046180573682500945,-0.0003533331664003137,3.190302660919446e-05,0.0007593165282029016,0.0002603990299823631,-0.0001816078148828606,0.0021854976998400954,-0.004954023713035813,0.008465151497945796,0.002061459799697355,0.0,0.012524844727122406,0.0019873016676389965,0.0072805186773519945,0.0005143861925111926,-0.0006516096765064082,0.011567760532173621,0.0051741643538255775,-0.0001980109352382835,0.003282048724955297,-0.0006309131862883978,0.0006889689916993797,0.0005892835893858913,0.0,0.0022859002431430313,-3.921255331969619e-05,-0.0008656191545345674,-0.008917320338558696,-0.0006682930783935992,0.006932532464595851,0.011504408081186737,0.0023776479643089626,0.00151036248786083,0.012220256515184586,0.027859138912571937,0.015800369334979313,0.013296348757904171,0.00242267240909985,0.007737384404712047,0.003845758873492086,-0.00010098039215686275,-0.000599502606272263,-0.00672221205735976,0.006775655383297003,0.000355069906647392,-0.00012002491192244514,-2.016071428571429e-05,0.0318670733351124,0.002477071283524867,0.011013860388733638,0.0012558069402435524,0.007516779612196503,0.011406034093100786,0.004579065469945094,-0.000867637282398491,0.0005082470938953823,0.008926171390762794,0.008374256144669506,0.007400745333363135,0.002238008283552762,-0.0006554486818654656,-0.0002163791172595521,5.147858533258479e-06,0.0,0.0,-0.00018101763576427562,0.01770383970414097,0.002108925964188439
0.010617691536927147,-0.0075757088971301545,0.0016069279011819942,-0.0015710770472348004,0.00691007177175015,0.019322308026462558,-0.0002103023450615761,0.0,0.0005304186111193437,0.0015652128433088297,-0.00012251112257768605,0.01234734484277533,0.0,0.001400816580324977,0.0008159424505678147,-0.0026491234482385853,7.132551716143046e-05,0.00011177723190975485,-0.001946243487952185,0.0003935497787776949,0.012070977239399663,0.026969325031272133,0.010793345185689557,0.011801150576097279,0.012324819295240314,-0.0035447451257598203,0.004768614038551942,0.015080602670301447,0.005470736357082438,-5.062824495740322e-05,0.00028368758551771534,0.00030316202265930525,-0.00036097627196939524,-0.0024468163476043725,0.004190027775701276,-0.004306718898438981,0.0006200888086063152,0.0,0.009667203902205542,0.0020343753677608753,0.004766752188913794,0.0007717288040572355,-0.0015874108623332357,-0.0006301909838597084,-5.869312817661712e-05,-0.000294463094696863,-0.002297167610233184,-0.0008591814305601495,0.0008329354082871213,0.0005220991087095628,0.0,0.0032891511660057006,-6.143888875326847e-05,-0.002045466405023942,0.031072047294069406,0.004072783559942049,-0.0007571120973845273,-0.0055810865007000264,0.004571488202297045,0.00103950243528159,-0.014500475877728052,0.02703753831731303,-0.019686859028926574,-0.006877726725219461,0.0010934867723221314,0.006724421289113262,0.004344942274788175,-0.00015773993808049537,-0.0011759819488115586,-0.005590043577990118,0.004879053540056306,0.0003901257990547465,-7.239699743732005e-05,-3.6894047619047624e-05,-0.014076990996757282,0.0037877767579709283,0.01018205716237812,0.0012074504433551602,0.007180473263601115,0.0012593029987862372,-0.0008925200077505761,-0.0011010825096712047,0.000251254114246264,-0.007583893812267835,0.009090935541163471,-0.0028751318083529674,0.00283498830674627,-0.0013118161953672035,-0.0003123072390572392,-4.084821842210699e-05,0.0,0.0,-0.0003968515510773575,-0.0030324691737418914,-0.0036153407245216895
-0.0007236565966307394,0.01708444821495592,0.004045343124739081,0.009650611516182444,0.004981321829078404,0.012946622115303928,0.00022210759110851823,0.0,9.191729192056096e-05,0.0004947730806788541,-7.223694293204274e-05,-0.0017868678866897222,0.0,-0.0008930903535394271,0.00030455863367865964,0.0012246950225361225,1.753345782757548e-05,2.9089905880228244e-05,-0.002075194448198808,0.0007740574335212089,0.009398987031542553,0.021488117714170772,0.00113242111568202,0.006552210034204137,0.011334693803168814,-0.0019132134651839857,-0.0014025384431021347,0.014462762123303583,-0.0057191417375174755,4.337173879213554e-06,-0.001025133758838523,0.00010934354871175529,0.0016375432396846042,-0.00046047455158927366,0.0011497968418634676,-0.0030243304390193742,0.0011251493552958372,0.0,0.007196692119061805,0.0016700158496764897,0.003712232365922598,6.14420265407108e-05,-0.0014154707862016988,-8.66736857980944e-05,0.004047732730131621,-0.00035781485888444146,0.0024721289683239693,-0.0006028767643825961,0.0004622048114519419,0.0002443384411570953,0.0,-0.007326775579673569,0.0001998163733196628,0.008392391390183638,-0.01749421612371746,0.0018412640960206155,-4.29590624061866e-05,0.002749828600397646,0.005177386291064374,-0.002241303006480096,-0.0143558662576001,-0.039956595987225,-0.015221086332681957,-0.004880410185160037,0.0009448851504124449,0.00546156698500512,0.0008285847896815429,0.0019277863777089784,-0.0006706263836664757,0.011530969655042423,-0.00030738404388301,0.000255276576889838,-7.554202663073633e-05,-3.7518827160493836e-05,0.00877142541344059,0.0030414550897356696,0.008576371042933134,0.00048817003765492167,0.004654050563913101,0.009258682701546906,0.0009158678747518617,-0.001372883167590284,0.0003473674452577018,0.007243414124988329,-0.0006584657401448763,0.010541269573559902,0.0008153524087991696,-0.0008903042530102897,-0.0004471670692431563,0.000713810322519522,0.0,0.0,-0.00064857976897157,0.013118682124187915,0.015390860092919234
-0.005798512724276507,0.00842675344966633,0.0026431291331990435,-0.0013395780705899875,0.005952292186794711,-0.009950068006195006,0.0015765061083137671,0.0,0.0021422043659550935,-0.00169117132371794,-8.233795303305285e-05,-0.0026981499652073008,0.0,-0.0005445307230929151,0.0005555348906605255,-0.0008230274826668005,7.132551716143046e-05,0.00015489425821145586,-0.0023550220477665147,0.00035373198797420666,-0.002206801873419611,-0.007162474506126844,0.002295464468813561,-0.0005635649621295776,-0.0045504189790830955,-0.005468102892557961,0.0002119465220353582,0.013487045594527474,-1.822329755175194e-05,0.0006877626606198034,0.00045444903187042573,0.0002609520574534161,0.0022124569737793725,0.0029426161611300072,0.010005178566664915,0.01359527935421689,0.001165522146565623,0.0,0.007414062849436732,0.0017661066080898581,0.006553729920802971,0.0005181194017158936,0.0002824618224530954,-0.0020735674113431086,0.005206136114396128,5.028454353332442e-05,0.003359857420296889,-0.0005194669960225234,0.0005635460704774689,0.0004149477937077841,0.0,0.002257025366596236,-5.835957588777138e-05,0.013149157665238682,-0.020924141726296478,0.0009994992830272566,0.0011692078506219923,0.011476630126984593,0.005676153755619304,0.001555858694130578,0.012474031478515687,0.02614862380589204,0.016516978516751886,-0.007030463532289288,0.002375650753632321,0.008278462829577721,0.00388110007611523,-0.00010098039215686275,-0.0008198741626538632,-0.007109562466761777,-0.0018264872687002282,0.00040854290240839933,-9.6817534543341e-05,0.0004498619047619048,0.037020552694309476,0.004268384538923102,0.005616791028836986,0.0038335948023049873,0.01003086440242272,0.01780240376021405,0.005184038592910489,-0.0010990781078210844,0.0003746104419579468,-0.005869994365745368,-0.00524360177785283,0.010593690995597952,0.0005104531806936748,-0.0009837770493382925,-0.00028511945542380334,0.00011075277465352548,0.0,0.0,-0.0004248178324811389,-0.006478469751592547,0.015045058296817161
0.01302496787539792,0.015454720706694703,0.0033263045767677225,-0.0011073406088692808,-0.0033736010304435686,0.013105516320698016,-0.0006704203272316392,0.0,0.0015072247002154626,0.0009050323018118571,-0.0003180279714933998,0.014019907618263336,0.0,0.0016839723674639446,0.0008399808853861864,0.0036278869278282303,-0.000606266895872159,7.765626119427062e-05,-0.0024103322053919277,0.0011354131521325898,-0.0008360213732693009,0.01169608996877005,-0.0016746602594195565,0.006289435228285394,0.00779462505313873,0.0025387215835760675,0.005492020545314536,-0.002679572895735199,-0.00029502029120085234,4.2239132972029234e-06,-0.0011251337588385232,2.319721215781e-05,0.0010189055628359305,-0.0006297373930038738,0.007263241494030545,-0.0040515753897082795,0.0017011800503407828,0.0,0.006581624365826728,0.0015921106573872517,-0.0046113884264304275,0.0010087214086414293,0.0011953283715716188,0.0009676227751956765,0.0028039566519579505,0.005423014621309038,-0.0005810753138058894,0.004697705269416054,0.0010870364071146825,-0.001020767152784816,0.0,0.000939201170267719,0.0014331286860069753,-0.005564226959434124,-0.01916186157157219,0.0035407678856944945,0.0021723330243743604,-0.006264630149387862,0.00844836498030386,-0.0002691503481472232,-0.014554149721098603,0.02378723713272072,-0.01643074472215347,-0.00499073566279215,0.0006153174434717514,0.005883684183440609,0.003930498025701754,-0.00015773993808049537,-0.0008576347642742755,0.015499418523082512,0.003179419875394059,0.0003724510199104111,-8.152821023788767e-05,-2.0025000000000002e-05,-0.013008250146841007,0.0038287333987579875,0.0031062815341716993,0.0023135836004104997,0.005447800925083261,-0.001785029575105782,-0.001350648786605485,0.007697295186120186,-0.0007113218469107402,0.008754691011285448,0.0006038845416282544,-0.0042709172974789355,0.0025685872640534685,0.007293212840089326,0.002687919402356903,0.0012983579123888032,0.0,0.0,-0.0005614970731180409,-0.0047669286531902815,-0.0027508600401169024
0.00468987717009283,0.01718276770275544,0.001152455725478788,-0.0010577377130771453,0.004881809791231388,0.017006165189127412,0.0034355401385880967,0.0,0.00034133747824818036,0.0014818978148954118,-8.547223704968981e-05,0.0017533258584690103,0.0,0.0008548820783773165,0.0003779402885842116,-0.000478553015937707,7.132551716143046e-05,0.00014898611849824384,-0.0015979284646653732,0.0010306016245549756,-0.003519743061117326,0.023802153796609368,0.0013957855178289695,0.007263374909738733,0.007286990941913072,-0.001426595371760799,0.007202101095738442,0.013717213106567141,-0.003380078062181249,0.0018578869047619052,-0.0004663075993424665,0.00010934354871175529,0.0013406043397670023,0.0010994854855105435,0.00252290378936995,0.011338000765975763,0.0005966212460419883,0.0,0.011226245676713754,0.0017074448683837753,0.0032877262890302532,2.079235214103643e-05,-0.0007149324348190264,0.0013591073676249693,-0.007328082191879321,0.0006169042400519624,-0.00840548032333995,0.003919884799531858,0.00043817472271041153,0.0005601614049580004,0.0,0.0028684576846413003,0.0010730840431498326,0.00104575351482375,-0.014182244913732765,0.003166364460150319,-0.001725097813329604,-0.004337035538173606,0.008584231828361454,-0.000688977359717231,-0.010167283912751275,-0.038432931546852296,-0.010798044135793362,-0.0039226599074676,0.0007419226761144128,0.005359257059290654,-0.0027924354981034272,0.0019277863777089784,-0.00070109182314872,-0.005408048237636366,0.004365006518773161,0.0003871733348522823,-4.543194980694985e-05,-2.0404761904761907e-05,0.010651244075153197,0.0023889153659747823,0.00246508214964417,-0.003184135768789909,0.006525575123917555,-0.0023074855809778042,-0.0006828156328640263,0.006269953073491572,0.0038985372740420726,0.007789728250098175,0.0012565898620061791,-0.004161017874604451,0.0015384029555858866,0.0069136803773020665,-0.00042619612794612803,9.221852746816819e-05,0.0,0.0,0.001987306939376832,-0.00450406104231514,0.016490452529649053
0.004818399515727106,0.013330305475650932,0.0018087501125737054,-0.0012326333755733358,0.00477692640972787,-0.004215663548468542,-0.0008135708371637903,0.0,0.00035888617979523306,0.0006806732389642489,-9.559283504415351e-05,-0.0013328356831608535,0.0,0.0002940637735269716,0.0006610853160844179,0.0028762886944847586,7.132551716143046e-05,0.0002646387737923452,-0.0025160373699927778,0.000470227938046635,0.011829052755986284,0.0177417850653272,0.004390534085848814,-0.016842217199373247,0.011513825584824219,0.0056146070676462165,-0.0005789177764168686,-0.0019364834772263347,0.0030410103372473882,0.000106343242309001,0.00065286120248287,-1.0581471417069212e-05,-0.0004667387659508321,0.0009438381344317057,-0.0038540488565227686,0.00317075712341194,-0.00470653508756686,0.0,0.008677523319254931,-0.007914879142924831,-0.00772723068428451,0.00010141799649152656,0.00019920162841222499,1.4112943345037925e-05,0.002266778498234909,-0.0001720172764785961,0.0032116810448025836,-0.0011567980227067023,0.0006118466990118091,0.0002312056792223832,0.0,0.002011005824176077,2.266542980828695e-05,-0.0020046700705904736,0.023613332955764666,0.0030315765665063082,0.003926373453678057,0.001709513203377238,-0.0030499152366920464,0.0011748810474980476,0.011101643046142157,0.022941536601833463,0.011412398178665586,0.017023060070651953,0.0038345438285659365,-0.011123400538261866,0.0015569842506639158,-0.00010098039215686275,0.006207511393993108,0.017933665278641688,-0.0021181905811612205,0.00035901269785235205,0.001316167054798459,-1.3375000000000005e-05,0.02213401103248446,0.0008642097200817865,0.008847799001926867,0.0001989262779955055,0.006230674372889676,-0.0012123565572730733,0.004145194911491499,-0.0007384793107405195,0.00012378514413715028,0.014416851536562894,0.00815281529293149,0.005222500398253625,0.006178580082981929,-0.00080041265192971,-0.00020333333333333341,4.058058135534911e-05,0.0,0.0,-0.0007404307305100315,-0.01095771177797504,-0.0022897842627092524
0.005696722147352925,0.0012441514916763168,0.0025439398471717783,-0.0011921995665396706,0.0063451434261484465,0.015672619851001008,-0.0005610616446605825,0.0,0.00033165575653146793,0.0006994802230429098,-0.00023635686677098014,0.0009392209397584731,0.0,-0.0001335366744788324,-0.0030473396018398796,-0.0011556801275342582,4.3194541574314495e-05,0.00017589518430729747,-0.0021442658655452043,0.00012280965828674292,-0.0021781307203687984,0.016579236906319485,0.00425347500081575,0.007949589468420547,0.010039398151698636,0.005773728452791512,0.004619017771474735,-0.0036997145655443763,0.001176270233365659,0.0002077191912392978,0.0007302865480563637,0.0003270896235909825,-0.0005014991077670872,0.0020924184499324866,-0.0033514309137290606,0.0051954937869264535,0.001412521055720185,0.0,0.008396395923325797,0.002449973500108279,-0.009126121735712013,-0.00012341320716320668,0.0008925311498167469,0.00010340566071093089,0.003927895797994019,-0.0002760739440510413,0.003293978408841503,-0.0013546491919622834,0.0006889689916993797,0.00033920564370092826,0.0,0.00203139568603488,3.771052360338075e-05,0.0125993971873933,0.02629195189499755,0.0009559360110093205,0.0062698000377690655,0.006609635850760015,-0.005563614670938989,0.0015292772943217132,0.013204514967498904,0.02426049021660974,0.01406804798369783,0.013641768066459545,-0.004768324056494257,0.006242061407314273,-0.0014194619509578744,-0.00010098039215686275,0.005796121488757034,0.016486066260795358,-0.0027765558605174954,0.00037168417915965207,0.0012937534021428708,-2.0412037037037042e-05,0.026351923497488106,0.0028667105839802784,0.01673981878664034,0.005211022606104337,0.007177351298373789,-0.0005893240889402254,0.0030896123238906862,-0.0008672158486734857,0.00043001556903865626,0.013229505365342837,0.008490881610705313,0.005926748847110809,0.0031570204840751055,-0.0006255252019710885,-0.00029908333333333344,-4.7093809762931863e-05,0.0,0.0,-0.00021560663099843216,0.01694686626624762,0.00810176818234463
0.008037508041121815,-0.0004526100389858956,0.0023284812537746735,-0.00102212979543099,-0.004324118459309848,0.015480211457778777,-0.0003444916668518861,0.0,0.001459852827412334,-0.001822458344841564,0.0008045186243926281,0.010588872231798272,0.0,0.00027945660964509296,0.00045645030446018933,0.003205832190679945,7.132551716143046e-05,-0.0010211121945042495,-0.003073495416911088,1.3233063021540108e-06,0.010691361159816412,-0.004521872390130114,0.0015510613262736347,-0.010738891766892503,-0.025740257761962673,-0.005427239117889065,0.00020037083663331477,-0.003534441927751296,0.002196926444831358,8.682793618655193e-05,0.0006325982022085361,-0.00015182543276972616,-0.0006313362555532024,0.0018514699425110622,-0.004377938341623496,0.008334412140633352,0.0015728049287256141,0.0,0.00912495113892338,0.0020924954882859423,-0.00844553744535025,-0.00011611908153574805,-0.0005664865540296777,0.014597724031535343,0.0036665436395468026,-8.517143832723177e-05,0.002952531838082384,-0.0015081810252661756,0.000551807509535383,0.00023350585489212414,0.0,0.0023295487284703763,-0.00014237592086276297,0.01193640874365877,0.02450690005122977,0.0028418283065525167,0.0036546553187069473,0.0024148599173363823,0.0002973650608815144,0.0017457929538084954,0.00970486805826746,0.02156529745280819,0.012302848197133152,-0.009586844364962554,0.00475287498429947,-0.001907684463134599,-0.01164515304415763,-0.00010098039215686275,-0.0019070167540258802,0.01869136156079239,-0.003253136932695498,0.0004348970152126155,-0.0001095243505105934,-2.0404761904761907e-05,0.034153829707738774,0.0030620694239135715,0.004331507662473639,-0.006612841050267011,-0.001888170142415631,-0.0007546129478140181,0.0035902602342688093,-0.0007505347691334611,0.00024820230790897343,0.010896623118804648,0.006294273608863925,0.008691087210115642,0.006510216099407827,-0.0008042265153651068,-0.00023875362318840585,0.00010896754413266273,0.0,0.0,-0.00019028452565952568,0.017830766486706798,0.014388772096576767
0.0042649747800017675,0.012739925932261312,0.003319963062394609,-0.001016489768972336,-0.0006775913890037567,-0.007660020620880005,-0.0003098026919075539,0.0,0.0014048537322148614,0.0008356322605932871,-8.476436781609196e-05,-0.0019833645359746137,0.0,0.0008386411887370297,0.000750446554725765,-0.000643341093808049,7.132551716143046e-05,0.0002107871455655629,-0.0023828327120929984,0.0003517703765636016,0.014809305145557625,-0.006856631214645326,0.0024634268877674957,0.010411892408031006,0.014773168314817701,0.004945120661616766,-0.0012535360407001932,-0.004949894998514301,0.004058216346452978,-8.163028043342933e-05,0.001153593430858091,-0.00021796299890729232,0.0008446553479624912,0.001972110627254548,0.007469114553325262,0.010752375192412468,0.001369306882236842,0.0,0.01066799776185006,0.0019203241015743088,0.007639452944111323,-2.2103366858268578e-05,0.0016666720228326194,-0.0026336931383161427,0.004500590837970111,-9.934846001894865e-05,0.003275614367111146,-0.0008230663881915996,0.0007758322095265564,0.0006085612161974856,0.0,0.002279400729377895,-0.00018082431457431457,0.00724969953595959,0.029936113299002965,-0.0009931691465967169,0.001199787435986014,0.011417357977940272,0.0005816116280486913,0.0018608772625453764,0.0131486242702657,0.026733945587174204,0.017528360913510694,0.017926460826482315,0.0027752549087730538,0.009324254620221756,0.00420748452690616,-0.00010098039215686275,-0.0007476916196672373,-0.005363134871284255,0.0056484651981145014,0.0003965658300979938,-9.367250534992471e-05,-1.3375000000000005e-05,0.03306842815350984,-0.0020387021089882415,0.009887241169694498,-0.0037014431940302446,0.005263437584421427,0.012914124434753508,0.006067408325599565,-0.0008425333612928722,0.0005898851105352105,-0.004508407973750517,0.008472346914456776,0.007226059245607653,-0.0009285816479716966,-0.000665491681682657,-0.00023456389986824776,8.308905480589755e-05,0.0,0.0,-0.00018101763576427562,0.018750281967207287,-0.005126840614951753
0.003984901122900051,0.00031696349732381464,0.0028745164016253395,-0.0008378929184427752,0.00577069916453514,0.016063316986169397,-0.0006189242545454439,0.0,-0.0002571318974353346,0.0012572218152630177,-8.94855634383765e-05,-0.00200660783714602,0.0,-0.00012636012317878068,0.0007584564033427566,0.0004587328321123512,2.7257377984932216e-05,0.0002363515350771084,0.014348854011205685,0.0012599062377898651,-0.0005714815251200865,-0.0038138641510946977,0.003402265761725574,0.009424613296917446,0.012674832625202545,0.00532108418898029,0.006419935833976175,-9.973906382016854e-05,0.0042345437205547586,8.438429689508649e-05,0.0007518136711874733,0.0003270896235909825,-0.00030697368499397245,0.002571947639712157,-0.003030690764729096,0.006217346662598641,0.001475903059795265,0.0,-0.003234757090366002,0.00211693432301648,-0.0058439262343632885,0.0003240077401480912,-0.0011619988379904138,0.01439371052594255,0.005757532875972494,3.232351474870821e-05,0.002603997501603248,-0.001594312590964932,0.0007758322095265564,0.00033920564370092826,0.0,0.001817228893234675,-0.00012138375513375517,-0.011868938997251367,-0.027894706915989345,-0.002979956920434729,0.0030014157723177027,0.013371814961171683,0.002374625486310739,0.0018823518295404697,0.013439474207170631,0.028303260742724656,0.01697797035156253,0.014442120140915315,0.00273600033889216,0.0037141890926873852,0.004029138769343568,-0.00010098039215686275,-0.0007086854910680843,0.015488383914297786,0.006148151567039806,0.00035128223203111385,-5.632968357351662e-05,-3.786794532627866e-05,0.028323352604356554,0.0033222795140195912,0.003807058223948182,-0.0016949886213939369,0.0015897675208023797,0.015050178167924953,0.004712151608827288,-0.000820550987663325,0.00045127488740754934,-0.006382651038065896,0.006977211887278768,0.00805715611085825,0.00018881862916153835,-0.000766318985010659,-0.00023456389986824776,6.901035041110122e-05,0.0,0.0,-0.00017638088362752343,0.01865942360570837,0.012104814051059698
0.001122311206296233,-0.007735499436143823,0.0011622218071553943,-0.001634731859165184,0.005109710831415299,0.007688948999619551,-0.0004908023397550617,0.0,0.00026242324906979383,0.00019324648418133863,-0.00023635686677098014,-0.005262189220457817,0.0,-4.2149265483814924e-05,0.0002483386697932179,-0.004220152737942531,4.3194541574314495e-05,-0.00011149133444893897,-0.002902512267295833,-0.0006995668288505297,-0.013944870231253237,0.013074411600973645,0.0034457483093776552,-0.024138215488228355,-0.03907936350283839,-0.006586047646985964,-0.0009310929741527365,-0.004561856316259897,0.0024830903891197506,-1.565333409934008e-05,0.00045065032840881054,-0.0003940501351506786,-0.000576699728138691,0.001013774920482442,-0.006250628153344679,-0.005666477277323596,0.0008379276077331492,0.0,0.0032657985792827783,0.0018183903625190838,-0.012560415283946264,-0.0002933939743988762,-0.0008766295160507401,-0.0041207468465456676,0.001005372933501969,-0.0008380612308955737,0.0023733828559553516,-0.0013372052156138958,0.0006757514576828561,0.00023815996813998742,0.0,0.0016282418473554552,1.914146838958869e-05,-0.005803580426021279,0.017478356948562253,-0.001474916356460938,-0.00301541056355879,-0.0009747641459516814,-0.0050075586718227125,0.0009206257697944172,0.006588221706235783,0.01883242724525664,0.007395268685932354,-0.011326958167270694,-0.004219281351147884,-0.014360045245371404,0.0030306139029062703,-0.00010098039215686275,-0.00215563608237074,-0.011926546447151068,-0.0050117194560495544,0.0004102612546214886,-0.00010671624768636155,-3.6894047619047624e-05,-0.018620367065629063,-0.008511056628953654,0.004505079650483838,-0.0027432676584320235,0.006302440078651775,-0.011919574262747399,0.0012271301493996507,-0.0007226238670902413,-0.00013866134765132146,0.009988798641545917,-0.002303885670220292,-0.005630257613811558,-0.0024539745575679465,-0.0011428576658454159,-0.00042772262479871185,-0.0002708953460038987,0.0,0.0,-0.0005319655845448857,-0.010569544168323656,-0.008552503105179224
-0.008428925693217602,0.010485626361309293,0.0005954956992545934,-0.0018906982554012064,0.004095587362203311,-0.009379551191061994,-0.0015497408178630407,0.0,-0.0029692235190107562,3.146891751625106e-05,-0.00011404244268240213,-0.00166326725882104,0.0,-0.0019488996869765512,0.0005737970216012877,0.0013931809389893125,4.3194541574314495e-05,-7.299904870869637e-05,-0.0038249253051633406,-0.0005451913280556758,-0.0022763426325373235,-0.009526882084093129,-0.0022016042104810334,-0.017468174164317386,-0.035847106118626064,-0.006114839931404302,-0.0025694609764616134,-0.007295751740126323,0.003884389279150856,9.384324230900102e-05,0.0002725306702891524,0.0002891870471014493,-0.00046600048152612523,0.00014629214806522665,-0.0007138578038809126,-0.0053786755426337395,0.0003947515999710657,0.0,0.004272134633628111,0.0016611676841602476,-0.011548890754445824,-0.0004228720888769909,0.001634201312796884,-0.004430078795229541,0.0018939116274215109,-0.0005349306829433483,-0.005595601859044862,-0.0014815734192868658,0.0009298524565104175,0.00021916282420158698,0.0,0.002068631117484812,-4.87346613286463e-05,-0.006182464162722441,0.0226852276666014,-0.002707875788812407,-0.00014655198569314115,0.0010617586446717059,-0.0003372366040539862,0.001127211830868814,0.010805680954492164,0.020855698884473077,0.012588896715174889,-0.014746349390239765,-0.0028294470418318883,0.0054800634032796045,0.0027450381088858994,-0.00015773993808049537,-0.0021060793623234315,0.013640310841627779,0.0034539957986510945,0.0002830125354839838,-0.00012041999645225452,-3.7518827160493836e-05,-0.016989528632618534,-0.008903746959700984,0.004738201964554037,-0.001428539531082942,-0.014183232045268132,-0.0053310088852887814,-0.0025586472949550697,-0.0008440211421568712,0.00012091443258873086,-0.005676861850974266,0.005011368238629524,-0.004134044713349707,-0.0020265949412867092,-0.001165329562002877,-0.00036647430830039535,0.00011120233249245113,0.0,0.0,-0.0003207540105006503,-0.013152976046809588,-0.01075644935388777
-0.009212833222663601,-0.01552405455887324,-0.0004571071765921565,-0.0013354602664273556,-0.0067486715867021985,-0.011306036536913719,-0.0005966371496452408,0.0,-0.0008981283576743666,5.51400797524011e-05,-0.00020648213910213478,-0.005593805236727261,0.0,-0.0019064341887368504,0.00035918659298616375,-0.0029059488128748293,2.0186602756262216e-05,-0.001255989564185065,-0.003697378298262077,0.00013622401384500967,-0.002183779265311696,-0.009344783717966426,6.97413110356108e-05,-0.009846347703797113,-0.01891125468757041,-0.007323628421430828,-0.0024847737811220265,-0.004180828457214043,0.0019444332963539073,-0.00011908846177359828,0.00045065032840881054,7.706068840579713e-05,-0.0005982650467082427,0.0015002885565173804,-0.006942938081107759,0.004709814405793259,0.0012774856389713438,0.0,-0.014852305927900272,0.0019277811804203184,-0.009677533189079704,-0.00030443403047569675,-0.0006064943349156349,-0.005733143488095223,0.002206731043827728,-0.000521451359052959,0.0020857112323731937,-0.0015415071120481445,0.0004955566524880509,0.00024263075310949355,0.0,0.0016538838897650605,-0.00027035470794869293,-0.0178536987354804,-0.01671892851358216,-0.002837873071547892,0.0005921104539408688,0.0020471765460590994,0.0010623061395370731,0.0016674304013993438,0.00807522746565875,0.018577581030802245,0.012363109362172104,-0.011238719674594685,-0.00631417368924866,-0.017452480618118667,0.0027545698129656207,-0.00010098039215686275,-0.0016072562555223262,-0.009811734878019566,-0.0065921428966510785,0.00036468954215591637,-0.00012910345674292542,-0.00011246547619047619,0.027743556745460238,0.0015910608362172114,0.010690238618751785,0.0026874945599481906,-0.004223432001475691,0.010592351436359676,0.002757266027255369,-0.0008475735408949773,0.00015166079332745388,0.0037197003022577065,-0.0035207813914263707,0.006148422416134761,-0.0062256791488102,-0.000977927077533732,-0.00027358695652173924,1.4140922994922514e-06,0.0,0.0,-0.00043072085615499596,-0.013196468799140366,0.012043415988882115
0.0006149340236427128,-0.01864172780207095,0.0028743893222863354,-0.0019430846672632322,-0.0031411920146085836,0.008490151963756248,-0.0007604698854779267,0.0,-7.978811547015377e-07,0.0007506801279789055,-0.00022508215065557773,-0.0067645305675571865,0.0,-0.0009442182572394264,0.00034116174746385306,-0.0025642147429640934,4.3194541574314495e-05,-0.00015114492954214568,-0.003466373370634062,-0.0006145220922701296,-0.01409097451825836,-0.008835516595295327,-0.0073112111229862095,-0.02401311605535296,-0.04111130862098517,-0.007149950854485265,-0.0018665805492474534,-0.007339280993426574,0.001669225641376102,-5.434853440168336e-05,0.00045065032840881054,-0.0003357168018173452,-0.0006484392327385503,0.001306952209590468,-0.007633969469007873,0.000426819618140621,-0.004807171834137186,0.0,0.0033009094988215655,-0.009672797458626753,-0.013758025453106754,-5.729645490674869e-05,-0.0010205136650807225,-0.011741982985213117,0.00218280867329792,-0.0009673523430017272,0.0019760013654922825,-0.0015419286049696377,0.0004953115544488352,0.0005153715066015258,0.0,0.0019145269509729863,-0.00021131711855396069,0.008282593325551894,0.02010725576002449,0.00013666503286742315,0.0012525853895996697,0.008386474193873367,-0.007327737958982993,0.0008881643107893468,0.006972980351039585,0.01693617752935874,0.008418341712432973,-0.010763792363216926,-0.007452891170402886,0.003942293264127789,-0.0029246279657539447,-0.00010098039215686275,-0.0016172247375092759,-0.011096867390118167,-0.005612222552491738,0.0002734286581135996,-0.00010489892449807062,-3.6894047619047624e-05,7.63320355288214e-05,-0.003282488831444463,0.0018554391011559096,-0.006172807685660502,0.0014303482079070999,-0.005791520137753401,0.0034403316853293437,-0.0009451504055546531,-2.5961926276047787e-05,0.0036279574196391644,-0.00761375934782909,0.004856896338209203,-0.0016655632595701194,-0.0010696365838347161,-0.0007082781803542673,8.337230603742464e-05,0.0,0.0,-0.000888506182835484,-0.009153483028692714,0.00953659802002643
0.0059545526030444305,-0.006422296767308604,-0.011475523718774625,-0.0014890506374033359,-0.019273151226240577,-0.009154993425076575,-0.0007918536103895783,0.0,-0.0003173884939816081,-0.00015617836852919415,-0.00019686064338688352,-0.0061253195525633715,0.0,-0.002005043743897267,0.0003957524348189638,-0.001692324384960292,1.694960440316479e-05,0.0001893538364249979,-0.0038089636102951762,-0.00037270222309451523,-0.010342008063340343,-0.007770485437324878,-0.008329146704070178,0.005878259122263026,0.009198349423019402,0.0023441067258057474,-0.0008325089393454397,-0.006821172704559628,-0.00271594373074208,-0.00012023983053366269,-0.0018727358481072792,-4.2940353979756184e-05,0.0008493710629599357,-0.0003339840347969298,0.006373084943912348,-0.006431039797952292,0.0002285389193347008,0.0,0.0046359328541591095,0.0014400332710893756,0.004599038262935639,-0.0009979801253814412,0.00042336653238200144,-0.006477661649632437,0.0013030873139092524,-0.0009376989023306454,-0.003173776480185145,-0.0014892934522693225,-0.0031884459979164064,-0.0019182076289752919,0.0,-0.007907598086432075,-0.00020247857823045795,-0.01148447551639231,-0.029455273964961625,-0.0001656378105538834,-0.0012359348794679708,-0.011421462793489483,0.003866484260991143,0.0006926666410129308,0.008639699991152345,0.019347704635207262,0.01016833082677785,-0.009331322059370494,0.0007376020459386787,-0.011214985893339623,0.002551128398111685,-0.00015773993808049537,-0.001028662023582453,-0.009682925393491554,-0.005373832994292031,0.000222455598911593,-7.554202663073633e-05,-3.6894047619047624e-05,-0.01923530491493724,-0.008590647946010666,-0.03184113504367017,0.00129819508282316,0.005285533153585677,-0.0042585866848511775,-0.004550910232352639,-0.0013921937844413408,-2.813595296913392e-05,-0.014083676773398552,-0.009199297225571189,-0.005370489530802584,-0.0038348288388863282,-0.001079911626433768,-0.0007082781803542673,-0.0006639859124037889,0.0,0.0,-0.0006708397427940439,-0.012391337478461821,-0.008513511958537107
0.002952471128198297,-0.016270030445988373,0.0014942782686044234,-0.0010780367180245028,0.00316446416406546,-0.010275800325310985,-0.0006936078780421535,0.0,-0.0005049215627646772,-0.002318986254167219,-0.00020648213910213483,0.0003734792267441337,0.0,-0.001443390760798042,-0.0029859399986214502,0.0006667897629245244,2.0186602756262216e-05,-6.7537476941586e-05,-0.003404829272614374,0.000157696246264799,-0.011599385155998688,0.005951613889472043,-0.0025256945821216805,-0.02002707597849895,-0.036527248740272474,-0.007124998128285502,-0.0021954124480877807,-0.0033221123570716916,0.0019555705550174164,-2.953809845194049e-06,0.000238594018705442,-0.00040185436795491143,-0.0009156235228444162,0.0019857750559379617,-0.00633900142680484,0.004048264496149441,-0.006446581601423667,0.0,-0.0344909751100134,-0.008058516070840157,-0.010278067023335367,0.0007083852000396116,-0.0005828480910732704,-0.005341404505712964,0.0008529256930403624,-0.0003584106041799098,0.0013283562522240905,-0.0015740108892243357,0.00038718645834603265,0.00018046766044767972,0.0,0.001383500223811802,-0.00020782894006578223,-0.015160265786786373,0.009728462737972706,-0.0027278443347097253,0.0019045680374026887,-0.002895272717939698,-0.00489118500332264,-0.0037913304058215507,0.006439218987925902,0.016716457378710324,0.00869457632485525,-0.010883573040675826,-0.006985184478068979,-0.013392736005899304,-0.010714462986356884,-0.00010098039215686275,0.006710445248272803,0.016900981160560637,-0.004815530144552597,0.00031296765236286223,-0.00012184223511073606,-1.3500000000000001e-05,0.0215941379249986,0.0016809435207798787,-0.00034493410341211955,-0.00997030094401761,-0.006314925944745083,-0.004705875691699914,0.0014668951268734885,-0.0008557206686249163,-0.00021633120232243238,0.004790435039361724,-0.0015000124092163039,-0.0022162666963187463,-0.006048088884435057,-0.0009679470232042622,-0.0004546388888888889,-8.833252111760896e-06,0.0,0.0,-0.0005109954104537438,-0.013220310361262378,-0.00789618429922724
0.006260046473152509,-0.006239954652245826,-0.00987939592768963,-0.0015849698401513381,-0.010426947195062894,-0.009868669557065635,-0.0001138588994799598,0.0,-0.0001458779508420708,0.0012129983265801551,-0.0003028426977028628,-0.004613512961181931,0.0,-9.915700433098366e-05,0.00023923596339030153,-0.0023557389903605362,2.7257377984932216e-05,1.553794260633507e-05,-0.0027394294787153497,0.00029380172867628717,-0.003625464806670089,0.0047597286512593455,-0.0027519300692676013,0.005800763278584019,0.007308875766382054,0.0025220475534168335,-0.0008916966621946474,0.011039658324078968,-0.0012996920393792489,-0.0001759530533227783,-0.0011424317549600484,1.1821910225442864e-05,-0.0009019381085923048,0.0009356109893980415,-0.004223102691181806,-0.005544645287429973,0.0003475186686790767,0.0,-0.032032601950684324,0.001270982753529648,0.0032860233735193954,-4.79827616340776e-05,-0.000906354703697458,0.004667982724926659,0.0016235230579726605,-0.0005841577897605922,0.000802968048221994,-0.0011187762816896524,0.0003411017503297143,0.0005229859822526863,0.0,0.0016792243264140828,0.00038911210317460303,-0.0021482932519593712,-0.02861762338122083,-0.003865236517878954,-0.0014186311827359772,-0.013565439359032809,-9.429028398768852e-05,-0.0002737509092530331,-0.020689829086739737,-0.04571912409058542,-0.02477502873787533,0.009541884674120446,0.00033317263272523897,0.0018865305404044666,-0.011478619646008137,-0.0003843137254901961,-0.0008230109024474003,-0.0069360716735931615,-0.005445332478502718,0.0003997347693026057,-0.00012002491192244514,-2.016071428571429e-05,-0.016883231440286733,0.0011691856705714947,-0.001031093416223476,0.0012085447837091438,0.0019097486943630278,-0.0026058148618013483,0.0013590244193208583,-0.0016887278331552686,-0.0004055453425366006,-0.01502691970816177,-0.007387260865134872,-0.004494412628350252,-1.5646997521649404e-05,-0.0010644655780955481,-0.0003906405723905725,-0.0005382791354191159,0.0,0.0,-0.00043529341954341944,-0.008175873118283725,-0.008902199294191077
-0.012392765454855374,0.0001319416740753298,0.003556289485294277,-0.001898372696937313,-0.0012662963714677562,-0.01061746561822973,-0.0005832175813171071,0.0,-0.00014174278248063347,-0.003064112709279422,-0.00019686064338688352,-0.005704241626701362,0.0,-0.0018240857036719348,-0.00362968543664264,-0.00232160091372602,2.8106030536371068e-05,1.4219530873963022e-05,-0.003940266222979777,0.00016882686646909768,-0.00395743057159234,-0.011139240129668918,-0.0006243328271263278,0.0024868238285608198,0.000568318677288785,0.0016922506413936686,-0.002483075167146803,-0.00873074639388077,0.0037299733410224027,-0.00021172239034502685,0.0005170209188510487,0.000299901332815735,-0.0008396032903739898,-0.004389691705058761,0.00039757585074901404,-0.005408539266508652,0.0004952027687201225,0.0,0.004113163919475967,0.0009328312179711915,0.0034540641676614223,-0.0008330855165407539,-0.0012514099066439236,-0.007685157350466292,-0.010406642728291792,-0.0010278295995508932,-0.0089226917888566,-0.00122174215622538,0.0007196702810581089,0.00011307201550048419,0.0,0.001307841246142404,-0.000266058099951427,-0.015298610664054772,-0.03351860697035468,-0.0036470254921789126,-0.0008250094556253568,0.01015998416743662,-0.0016106924671866934,0.0010185605892119997,-0.02252516668097381,0.019505959977171587,-0.0280515799085022,-0.011048050907918503,0.00040034227383012414,-0.01053449480860909,0.00247583272412015,-0.00015773993808049537,-0.0009220388363134761,-0.010899982886025013,0.003167857244328825,0.00022225266398643586,-9.6817534543341e-05,-0.00011246547619047619,-0.01682082558195733,-0.006608132141184715,-0.03530449440809348,0.0015387367825490867,-0.013287047895424032,-0.005317579026042921,-0.00542269850126918,-0.0015696696312601285,-0.000288474561786537,-0.012393086193463208,-0.004438970083920117,-0.004586984329780114,-0.0028976123968780833,-0.0012382556399272967,-0.0005448076416337286,-0.0004846489989509484,0.0,0.0,-0.00043524920280834257,-0.005408705661203378,-0.012058699662366088
-0.012586021156417014,-0.0038402924795531493,0.0019244450478690938,-0.001910564100058098,0.003247981114403777,-0.01036795676936768,-0.0011793501459275825,0.0,-0.00025369698367396507,0.0004076245463777894,-9.263639490884073e-05,-0.005107966366533906,0.0,-0.0009813286954676128,0.0003679626503280924,0.0014213436323320628,1.622489481622608e-05,3.7350097185054546e-05,-0.0032878431590505027,0.0005282019522502687,-0.004216851879153457,-0.010648509582161758,-0.001932240288019628,0.0018323826653249805,0.006465177958728566,0.0015497902688650345,0.0011582013074575648,-0.005413961741447487,0.004884808696331342,-8.555783273454307e-05,0.00048144399577412556,8.215525793650797e-05,-0.0011672004864596401,-0.00036894027976861713,0.0007256733733447242,-0.006222508184657317,-0.0053249067400780005,0.0,-0.029921172338419035,0.0008368162372352007,0.002936361857318127,-0.0005484282647511491,-0.0010640080547920717,0.007449357969778095,0.0010373731534017798,-0.0012471195454820674,0.001185325173788289,-0.0016286999802234336,0.0004273437433007348,2.1589993952126347e-05,0.0,0.0013564611498300965,0.00047949620737449685,0.0032779950985563364,-0.0295091228278282,-0.004035298911920644,-0.0003432364473956183,-0.013854153090116141,-0.005731974711193411,-0.002713367080408521,-0.02249846760429418,-0.053953465001890376,-0.027545488210161763,-0.007288879561814217,0.00028593221946966854,0.003043901322559488,0.0026288103463946583,-0.0004410732714138287,-0.0009156740746580394,0.012318606278867205,0.003048030106707267,0.00018623309968898204,-9.6817534543341e-05,-0.00011246547619047619,-0.017292599137293536,-0.001503653259980496,-0.029073231500151318,0.0011248700971241321,-0.012598458320400855,-0.006101383577270386,-0.004631674650842164,-0.0016046068844468094,-0.00031242914562400426,-0.012262321777853656,-0.00325860690027126,-0.004114362433182439,-0.00400903486189626,-0.0012552690684955042,-0.0005448076416337286,-0.0004086848602090319,0.0,0.0,-0.0004253247013838411,-0.006602925885687024,-0.010250556417019017
-0.008647795921068482,0.011320838368537409,0.0011649075123306239,-0.0016697223180567203,0.004239400979343793,-0.013480128345185895,0.0010397147748415323,0.0,-0.00034169191312722783,-0.00216975053414643,-0.00017720406423582465,-0.0005922731379828521,0.0,-0.0016288701432335736,0.0003309185311786386,-0.0006987676095384485,2.7257377984932216e-05,0.0001297457666350959,-0.0029982905958304217,0.0002571665544656358,-0.01329943781224945,-0.010699908545890617,-0.001464453136979216,0.005766812523891897,0.007215183506881408,-0.004975947886454548,-0.0036331423845688926,-0.0060992725546275975,0.002734371330962958,-0.00021172239034502685,0.00023459654677246815,3.348376035196691e-05,-0.0010388066461420502,0.0007380826669563243,-0.008183239654513296,0.0033031897189849313,4.863412929173236e-05,0.0,-0.0038180476740362302,0.0011932054516501848,0.004488592927439998,-0.0006600409190721367,0.00030629496401708006,-0.008402418544197841,0.002628323223827361,-0.0007413025427225283,0.0021583345590098476,-0.0013626568175444528,0.0003731485013217777,0.00024095326016162016,0.0,0.0015396384293887946,-6.037382078030574e-05,0.002780192735531049,-0.03246234954023959,-0.004124650363224209,-0.0006429090845001417,0.007579856120291305,-0.0023438087003942063,0.0003369298440952895,-0.024553231345602018,-0.058371334624661604,-0.02759443764665086,-0.008754186984836461,0.0009992480457904902,-0.003281638188246683,-0.015474525128489713,-0.0003843137254901961,-0.0012046127195714756,-0.00890523607676999,-0.0024902476495269918,0.0002539009307781238,-0.0001246503379349679,-3.7518827160493836e-05,-0.02018789375909475,0.001525320112078923,0.0025881841523285602,-0.002420432706470295,0.004369874928023067,-0.002472777571416451,0.0037388513390128678,-0.0011955090002373765,-7.793171100515393e-05,-0.0023871987231372125,0.0035184166562080557,0.004789191586431901,-0.001512494523602686,-0.0011590626442709471,-0.0004437133655394526,-0.00011688572712987434,0.0,0.0,-0.000304471850680184,0.014985967286797538,-0.009793853363593827
-0.01129342963946626,-0.011208477665901023,0.0008432069871020732,-0.0018320668294599498,0.004258614247547212,0.01808845651591292,-0.0012376874294418442,0.0,-0.00031475315875700415,0.00047538136397001584,-0.0003855137182531937,-0.0059966351779518045,0.0,-0.0013528045407537634,0.00034848098166388324,0.0029344300913574347,7.132551716143046e-05,-0.0012920350311908266,-0.0031672112966489373,-0.0011514487856480007,0.005774736926773258,-0.009304396006607894,-0.0003647857049012363,0.003969316264758185,0.00449784179485575,0.0016407043889118983,-0.000380334115186978,-0.008750083884030443,-0.0021290035500022985,-0.0001580339064973816,0.0003278730419583561,0.00013746693121693127,1.6948153825193063e-05,-0.00037710106771217074,0.004937903464638779,-0.0056290306448321704,0.00039521437090975957,0.0,0.0043108335011055685,0.0009292061034599027,0.002351048767846915,4.535099611144504e-05,-0.0009903112955328129,-0.0065643919827319056,-0.01189973352544033,-0.0007235464876401965,0.0009208757206815201,-0.00106466599853335,0.00038694234356824084,-0.0010027423271173272,0.0,-0.0058550685752712895,0.001028118765372055,-0.012034677194822695,-0.03199086977018114,0.0027018853700677995,0.0007113046625385978,-0.011607963295443119,-0.00010658629889774613,0.00020596424034937015,-0.018753458823455003,-0.04946636147112346,-0.02280253761177705,-0.006130083229557707,0.0005228839658719811,-0.0020534373112544805,-0.010452151472582981,0.0017013157894736842,-0.0008849472536164043,-0.008953119773415757,0.0030618529728454738,0.00032098438491333234,-8.152821023788767e-05,-2.0660493827160494e-05,-0.01443338758457781,0.003156792931332376,0.00029828578492078117,-0.0069870395899213275,-0.008878121096857709,-0.005185877361008043,-0.003950677497555874,-0.0019641321748414607,-0.0001347257498910689,-0.012359815495156263,0.0036819888599756395,-0.006056021076505863,-0.0008047627302028528,-0.0013386851410544182,-0.0004442985409652077,-0.0004086848602090319,0.0,0.0,-0.0005864541600374935,-0.007101731320773107,-0.010999747412037391
-0.007020930126821137,-0.004196621765235948,0.0037528088507776426,-0.0017838556821074489,-0.002467893753339997,0.004308626720364918,-0.0010363391185859974,0.0,-0.0016364387364731874,0.0001970629456671294,-0.00041373522552188793,-0.004582669235624164,0.0,-0.002199780715511883,0.0005794427738772925,-0.004844171935326539,2.8106030536371068e-05,-0.00019369490359804698,-0.003637794730589081,-0.0005283559149908541,-0.0034020150788296745,0.0058481235310368996,-0.008175905253473713,0.002815298756298748,0.004265275901605848,0.0025167079092779797,-0.002027167795025573,-0.009495703022496067,-0.007979371256353653,6.536868370536628e-05,-0.002448580852775813,-0.001322776687466452,-0.001025991811504753,0.0006996765746267083,-0.0029784525290584367,-0.005881822537188704,0.0004945475115897926,0.0,0.006517804718748107,-0.009032597131673963,-0.007375966920681835,0.00011203451166041451,-0.001449168451320076,-0.01119590873219634,0.002868455029139099,-0.0010627800190337704,0.0005965357412134049,-0.0020418092840866256,0.0008151705706452442,6.723165301769846e-05,0.0,0.00153926891253676,-4.5023964131106954e-05,0.008247651953376376,-0.03138808679386687,-0.0028686572721038084,-0.003561200199528369,-0.016569778572194716,-0.0016650258861108738,0.000454509429284028,0.010249843431089551,0.02361916468517944,0.011291261359041786,0.013054063021631661,0.0006875187011279239,0.002165437590277159,0.0025000855566998325,-0.00010098039215686275,-0.0011735301393567233,0.014638674873261842,-0.005392901560495337,0.00031519395389771203,-0.00012002491192244514,-3.786794532627866e-05,-0.020011932915243794,0.0030026541029598594,-0.041038054230373495,0.002851567952313518,0.003976715163580913,-0.002606764240833899,-0.00020730207027609357,-0.001364336865905294,4.91043577787452e-05,-0.012481964709093822,-0.009570029549663062,-0.004688989934689757,0.0017582941225243297,-0.0009505343728044281,-0.0007082781803542673,-0.0006792580763375885,0.0,0.0,-0.00036982969728399857,0.015007496971945167,-0.008222894770112718
-0.011363891242657203,-0.014455405060592614,2.0440599061188203e-05,-0.0019460808285665242,0.003936255410246189,-0.01233592346264046,-0.0012279106332806482,0.0,0.000388476682873644,9.549791971568571e-05,-0.0003180279714933998,-0.004356345164764921,0.0,-0.0012362778365366468,0.0003378747600969416,0.0007362924699684429,2.9421161627043958e-05,7.384799891820061e-05,-0.002753411714345751,0.0001541791630139154,-0.009078107124568921,-0.013546753004209608,-0.00307222770391214,0.0007077473554601834,0.00010566250362204516,-0.0032398812563681463,-0.004666203313145599,-0.006577930189866741,-0.005318419492844304,-0.00022459250910509128,-0.0007090948432722966,-0.0002617063492063492,0.0009648141198554906,-0.0014495672642465165,0.0002609075746586385,-0.0068415340334016,0.0004977634711117298,0.0,0.0037146527409587064,0.0009645953312451851,0.0017699591205512179,-0.0002694181236576747,-0.0010486482346141553,-0.00941230702770154,-0.010152500112863762,0.0017087273855746063,-0.0077461753933335984,0.0030918830571477623,-0.0004902807375897521,-0.0007784367715617716,0.0,-0.0063541308430518475,-0.0001376483518048368,-0.004889551019566197,-0.027057734406513725,-0.0032030152277334393,-0.0036310458091831357,-0.00732400161607019,-0.00045041946333322105,8.036561381407953e-05,-0.0196527006624271,-0.045698136812976006,-0.01698396292400988,-0.007829956565654342,0.00035601324909488005,0.0001358018512038025,0.0023552506290495066,0.0019277863777089784,-0.0009595716799763785,-0.009677379557952238,0.00014508499819722848,0.00038455040222934965,-0.00012356502564567082,-0.00011246547619047619,-0.01813153890821826,0.002193943723838737,0.004467677423202834,0.0009852620021311806,0.006073547508176607,-0.006686958434071685,-0.0038931479825040595,-0.001599884848094134,-0.00011498232494599239,-0.013616090423536068,-0.0030987066213037273,-0.0032382069533477063,-0.003189259517412478,0.0006004915009488261,0.002318226851851852,0.000280417465376665,0.0,0.0,0.0012179478232838448,-0.009198971108138826,-0.00926859229912178
-0.0053257884148357635,-0.005873994382313939,0.0037861630834663644,0.010510796751349472,0.0037398049622479356,-0.01110716160724705,-0.0011529868303051221,0.0,-0.0004191973534754102,0.000503099206083144,-0.00031886911431911613,-0.003995365776105529,0.0,-0.0001659527055230663,0.00031399558116150403,-0.0024686807538815783,1.622489481622608e-05,-0.0001482431850316003,-0.0028965414397579266,7.374580166137807e-05,-0.0027811058315660056,-0.009775402919660134,-0.0012924257823493778,0.0010648424170061743,-0.005917887731758541,-0.0028121710182194126,0.0024616818987698596,0.01342195367137289,0.003878546069110413,-0.0001404099909891492,3.1403598036082946e-06,7.144097222222225e-05,-5.835439054154338e-05,-0.0024521840665871764,0.0028051537050678295,-0.005238734431252307,0.0003465737956337533,0.0,-0.0290892443702747,0.0009885395473926595,-0.004766118743887294,-0.00025715261862320677,0.001684906334447045,0.004439405820633144,-0.0033365515496970814,-0.0005310373234689755,-0.0018478024045660117,-0.0009538612901887073,0.00039712247199873434,6.020141929149282e-05,0.0,0.001512126405374329,-5.277138666471374e-05,-0.006193851838182928,0.02639389145993849,0.0018337725303016195,-0.00419709956552434,-0.0134703851779241,-0.005018702579137906,0.00036911951768119435,-0.017728858887269616,-0.05697340924667248,-0.0242882439252486,-0.009889962839243364,0.0010519805803143086,-0.0032968946511995785,0.0007177017483104566,-0.0004410732714138287,-0.0012880573266604665,-0.00881049471108708,-0.003867599541447819,0.00027677781321991846,-9.367250534992471e-05,0.0004498619047619048,-0.014592233118267281,0.001132132873725171,-0.029731212692208676,0.002041691251335355,-0.012879294779588176,-0.002578905913162742,-0.002693742243991941,-0.0015268942180791721,-3.410803572191752e-05,-0.008965094867301222,-0.00819967802517331,-0.005502414008324348,-0.0036952368651602683,-0.0008639158954478661,-0.00041702986385595093,-0.00017656250413639274,0.0,0.0,-0.0003933378610636674,-0.005134097057618173,-0.008959285800897368
-0.007938475793490472,-0.0039466685282306116,0.00016979429141419943,-0.0023119712705163523,0.002843194826101233,-0.011743085962163438,-0.0012725100618630853,0.0,-0.0003151783940397841,0.0002170868610115861,-9.263639490884073e-05,0.0007503370764889219,0.0,-0.0010682076758808674,0.00019572795171693357,-0.0015900897204372023,2.7257377984932216e-05,6.0091084256880936e-05,-0.002856446787183748,4.041040849813906e-05,-0.003196986524304056,-0.01103894275271756,-0.003429938939303455,-0.008615138501499295,-0.02048408311121885,-0.004879740661558622,-0.005017035659385025,-0.003096151529994194,-0.0064797939878821036,-5.305369913665953e-05,0.0002261246902879388,7.144097222222225e-05,-0.0008435813048609376,-0.004110572795989811,-0.0012051226383066706,-0.005894179677812298,0.00017081137412438847,0.0,-0.029185350042228223,0.0011004926072260216,0.002133449162847054,7.964781040825934e-05,-0.0008802954705200116,-0.00993927334818739,-0.003288904263162039,0.0025592518432619956,0.0009693003677212961,0.0027291297042277432,0.0003886321434211171,0.00015459865196078434,0.0,0.0013701967115376547,-7.423613484468748e-05,-0.008113540147878887,-0.023782983545544617,-0.003214183524948739,-0.004545667098559369,-0.001679860994399399,-0.0027265330741575848,-0.00018295731662818141,-0.0239046365959206,-0.05318456726409849,-0.02188617409799872,-0.007822860489641112,0.0005541821205739389,-0.0019178846324262283,-0.011054060515540195,-0.0004410732714138287,-0.0010768643937178366,0.01021556499638131,0.0012565218696735103,0.00035413222033670955,-9.6817534543341e-05,-0.00011246547619047619,-0.01690084170077771,-0.005795658496501832,0.0022056203586892187,-0.003564154407770219,0.005000939606016293,-0.008086304404315021,0.0003114176520293035,0.0005037787113939161,-0.00018664418981178808,-0.011802368788524958,-0.00432643565388261,-0.0036161416540150034,0.0004030542701140939,-0.0022338202308390545,-0.000533140974967062,-6.492599813494425e-05,0.0,0.0,-0.00032554335556418896,-0.00780493060667884,-0.0113503369247517
0.0027148288952734932,-0.01133161244415695,6.579878219732617e-05,-0.001803454752934183,0.004119017763366061,-0.010812815299556916,-0.0009236120922492561,0.0,-9.807084171479244e-06,-0.001604723880379149,-0.00013021603945280593,-0.004863902594181894,0.0,0.0015743075849813481,0.0003692565727362934,-0.0021208394853454125,2.9421161627043958e-05,5.878553539832146e-05,-0.0030652274259824566,-0.00024596783348465796,-0.007231943678660672,-0.012353532354253162,-0.000892609491327379,-0.0067556457814232545,-0.009112659226916408,-0.004525840230812222,-0.0029563565882880813,0.012809474214306666,-0.007812634251644376,-0.00022875563268785775,0.00039926486887520283,0.0002953577898550724,-0.0002559862016078948,-0.003394818250522457,-0.00042994567018313245,-0.0067691814025635025,0.000375415858804267,0.0,0.004105181278679729,0.0011702419125395641,0.003286043271928111,-0.00032339782451237554,-0.0008595405597099933,-0.011194124043178554,-0.011562988031905435,-0.0004136460765425541,-0.010326994601015714,0.0016905336704233762,-0.00346785142702426,0.0003221698100670288,0.0,-0.0078638274816253,-0.00013090586314270527,-0.0049142966022478075,-0.025025277718480794,0.0007671379085622792,-0.002826685158451075,-0.013498221759639118,0.0047068633276187155,-0.00412054086168126,0.008057950384153969,0.02092233734771776,0.00954688293745423,-0.009826368306202109,-0.00026343945382856465,0.004229720412555897,0.002601749347885105,-0.00015773993808049537,-0.000962797118392752,-0.00854254253878013,0.003097302045301029,0.0002665073623690582,-9.6817534543341e-05,-3.850000000000001e-05,-0.01570673191993982,-0.005730050011926193,0.0032386515606152378,-0.006804175278937709,-0.01228740844767638,-0.006669099777931221,-0.004387484359156348,0.005656456852848768,-0.00322024956072818,-0.011714999491512992,-0.009825112413017456,-0.00472540417892657,-0.004524050044696844,-0.00182290952897883,-0.0004659187527448397,-0.0001258403348260851,0.0,0.0,-0.00033926019181933155,-0.009771037791823853,-0.010020889894282518
-0.011342591774413758,-0.007362235650957608,0.000543423650885172,-0.0019061405443253315,0.0038390776535342707,-0.008857203325410817,-0.0015186804593096,0.0,-0.00030567925631942586,0.00015956777414136334,-0.00019686064338688352,0.0020907979910778584,0.0,0.0007372744736348327,-0.0030047959968445464,-0.0017988560118321927,1.694960440316479e-05,-0.00013164158757944684,-0.0030240173072636797,0.0004775515519442172,0.006978169183106965,-0.011173063832922592,-0.0009171250296544799,0.00018656823851297914,0.004485815322226302,0.0009206900223475647,-0.004518008962720703,-0.007473486960233707,-0.00589800064572105,-0.0007422972993545245,-0.0009743645280692923,8.215525793650797e-05,0.0011654111525192636,-0.00407010215477071,0.001611665945705611,-0.0064083473589061175,-0.00017443280822637425,0.0,0.00400901412297277,0.0008665576813809477,-0.003691675292004882,0.00015625949963540283,-0.0009092845098185268,0.006150113340552399,-0.011824973017370176,-0.0012059228656529871,0.0008353102710219022,-0.0010616473047937297,0.00033949801631982,0.00013748365911049734,0.0,-0.008629694905222056,-0.00014930864092048304,0.0025420040369193275,-0.027436627267692026,0.0019326595506872115,-0.002140405981471869,-0.012539447448506536,0.004892620799130931,0.00043875731280664746,-0.027017014462239593,-0.05081711060911823,-0.023455441188417695,-0.008333080317548681,0.0004746663223451338,0.003547164033777934,-0.0012185298175439708,-0.0004410732714138287,-0.0008959521415254806,-0.009501370424253277,-0.0016043986009324034,0.0001945220643391696,-0.00012356502564567082,-3.850000000000001e-05,-0.01609530679910106,0.0003267140884612533,-0.0302403747023314,-0.006867699846993075,-0.017194185916779875,-0.004325053264976214,-0.0035271504361337564,-0.0017957483364576224,-0.00032685450319998663,-0.014661298765257083,-0.002852921972596242,-0.0049834957328955464,-0.0019489028663766882,-0.0012444901329403276,-0.00040126274825550193,-0.00027674041576458745,0.0,0.0,-0.00043981574737488705,-0.007555854857530414,-0.011080110807918648
-0.007747392506929831,0.007981683987773332,-0.010784478842852947,-0.0017673682613115564,-0.021440742441024348,-0.013117758507181485,-0.0011687069974030918,0.0,-0.0003569639664475267,0.00043816781249586626,-0.00041373522552188793,-0.00022973760918651535,0.0,0.00030548027814858295,0.0004186228680553939,-0.0025943489401466734,-0.000606266895872159,5.600698422520208e-05,-0.0031746577125180584,0.000285584206085567,0.00874139114468638,-0.011539054982216345,-0.0010825320051568287,0.0026749536306661264,0.0006743226263282877,0.00272193541881882,0.0012111103643733206,-0.00574343349051138,-0.0025517857065225796,-0.00015491079614212834,0.00028387979232875513,3.348376035196691e-05,-0.0009828117110572594,0.0008996396588080803,-0.006477823647447299,0.0027835935367402503,0.00014851156250621428,0.0,0.005537849950608137,0.0012715417693653047,0.0037022726862139233,-0.000653162512438828,0.0007101844856606951,-0.009122272986262978,0.0016348339685663899,-0.0008011586424561738,0.001732990876726348,-0.00099798688290393,0.0005114472356943661,0.00036023210631546624,0.0,0.0017406028153537374,-0.0002659359195002992,-0.015885810865364954,-0.03228423140052176,-0.0039772334926877475,0.002507541916550504,0.0033263961870621727,-0.007108221009958875,-0.004390815015786521,-0.022812885485962095,-0.05156186168641189,-0.026373075750675056,-0.00848719086049411,0.0006390459003762217,0.0010290865039577577,-0.0009888024573998302,-0.0003843137254901961,-0.0011419237406010997,-0.009477087790685585,0.0034479798914023863,-0.0025230947710184557,-0.0001246503379349679,-0.00011246547619047619,-0.0171505409035846,0.0006817022953985919,0.008977646883608614,0.00030389552411667865,-0.004274504827357051,-0.0104321632181803,0.0028892616434155437,-0.00146226105679572,-0.00028229390784294023,-0.009244620690825933,0.004226809715566331,-0.005442187545415795,-0.004000947831331605,-0.0010753880945055705,-0.00030988227687503065,-0.00046791700306617474,0.0,0.0,-0.00024199587974251956,0.013740057876462161,0.013207297220556285
-0.011579243190094289,-0.015475013253353846,-0.008549360205384826,0.007965525770448739,-0.018240962565516716,-0.01057836928717595,-0.0016332112242380072,0.0,-0.0002885378625652448,0.00018125089665687845,-6.335832004253056e-05,-0.005073903675197033,0.0,0.0005880996056288198,0.0003393920178870438,-0.0010075423961895887,2.9421161627043958e-05,1.5911336294037984e-05,-0.002739263070310469,-0.0013694973968281733,0.003750745808989004,-0.010959342720126197,-0.0033725914179255603,0.0019188142023100257,0.002651097484633627,0.0017092628930025144,-0.005706421144415021,-0.004468521322428762,-0.0061875321198072075,-0.00018969313268785775,-0.0011835374267573035,-0.0002864993098688751,0.000980811029212177,-0.001167786466340882,-0.00031570783486133895,-0.004809726416366074,0.000740527481087716,0.0,0.0048180669705475306,0.0008955792182304399,0.0026228401092938973,0.00021923497433365858,-0.0013495792647593983,-0.00638707074637343,-0.0047151430128149,-0.0009745519680701819,-0.005192267670825001,-0.0014055177101889832,0.00045276314354883234,-0.0013436541628661198,0.0,-0.002163992331790593,-0.0002931049852924853,-0.0034477536862059567,-0.027904931235548054,0.001504988622125566,-0.0012320726277512215,-0.013880559500260107,0.008104836491029707,-0.0034857251163386282,-0.019264209200098345,-0.05620296644769711,-0.021853354288331062,0.007948893105879505,0.0003894952149624668,-0.000927313358927638,0.0029556274844225942,-0.0004410732714138287,-0.0008016977729409263,-0.008360254851695162,-0.006787661111761986,-0.0035273871686792736,-7.554202663073633e-05,-1.3703703703703708e-05,0.005794543945206277,0.0009351099335491147,0.004327545800872837,-0.003989189891446808,0.005155762508917653,-0.00672210009618946,-0.00105829460208122,-0.001848354954173889,-0.0003307339447105345,-0.013209927496349243,-0.004403708341974018,-0.005236775050384296,-0.0045972487670691104,-0.0012848815513444175,-0.0006359652076318743,-0.0006943712211731706,0.0,0.0,-0.0006492386278595956,-0.007427133512446465,0.004830389795487711
-0.011829819936062398,-0.004579413222352179,0.0005871638551751421,-0.0022247368944944153,0.004480922620935011,0.011510360721818918,-0.0012481881490458042,0.0,-0.00020598921255726447,0.0007980128238755487,0.0004652910948655985,-0.004586767678856308,0.0,-0.001384544430757611,0.0003028610958996149,-0.0030928333965458206,1.3665004013301229e-05,-9.142256875713849e-05,-0.0028485759939318412,0.0002013733037115391,-0.0036962507635225892,0.01597751525851913,-0.0021326688752129597,0.008418787307951111,0.007721166932348018,0.0019863819905935505,0.00028239944799919494,-0.008129291683918908,-0.006185398753153021,-0.0013699032118886202,0.0007036729025553019,0.00011507271537842197,-0.0004684653489900278,-0.003553889744030098,0.00025874766724996744,-0.006124307564829301,0.00028912270267263953,0.0,0.005393966805397037,0.0014153445134226284,-0.0071458090097831235,-0.0008409523809523808,-0.0020130235128146294,-0.01005260172703791,-0.010069874885978906,-0.0009887909999156945,0.0003062701978914608,-0.0010561820582925638,0.000450381344202919,-0.0012760380267377552,0.0,-0.00595014046394304,-5.499780972995258e-05,-0.0038048894625801384,0.02720361774848486,-0.0032553591352814278,-0.0050912217050181185,-0.0010966042639839867,-0.0018033422096209808,0.00025705786542263236,-0.028179609100181906,-0.06112841240974529,-0.022976011434015613,0.012459742403015606,-0.0006158157278526634,0.0032796971516252525,0.0022176405304264925,-0.0004410732714138287,-0.001276344717599197,-0.008081889752830189,-0.007956664792441578,0.000196929471746577,-9.367250534992471e-05,-3.786794532627866e-05,-0.01569299148675415,0.0012673626349477916,-0.03560267490306532,0.0022233165771383115,-0.01595225738701917,-0.005093921448088907,-0.0028382453990946615,-0.001590092754296007,0.00013185096139029307,-0.012159447737057766,0.0055943081036396855,-0.005376492083667631,-0.004288873881827139,-0.0003278485708172128,0.001704102272727273,-5.913525545914408e-05,0.0,0.0,0.00036342387115572566,0.012250529789733264,0.0012310238439966006
